SF;Art;Beschreibung;KZ_Bereich;KZ_Bereich_JG;AbgangsJG;Flag;geaendert
"BK";"0A";"Ohne Abschluss";1;9;"**";"1";
"SB";"0A";"Ohne Abschluss";1;9;"**";"1";
"BK";"0A";"Ohne Abschluss";5;1;"**";"1";
"SB";"0A";"Ohne Abschluss";5;1;"**";"1";
"BK";"0A";"Ohne Abschluss";6;1;"**";"1";
"SB";"0A";"Ohne Abschluss";6;1;"**";"1";
"BK";"0A";"Ohne Abschluss";7;9;"**";"1";
"SB";"0A";"Ohne Abschluss";7;9;"**";"1";
"BK";"0A";"Ohne Abschluss";8;9;"**";"1";
"BK";"0A";"Ohne Abschluss";9;9;"**";"1";
"SB";"0A";"Ohne Abschluss";9;9;"**";"1";
"BK";"0A";"Ohne Abschluss";12;4;"**";"1";
"SB";"0A";"Ohne Abschluss";12;4;"**";"1";
"BK";"0A";"Ohne Abschluss";13;4;"**";"1";
"BK";"0A";"Ohne Abschluss";14;1;"**";"1";
"SB";"0A";"Ohne Abschluss";14;1;"**";"1";
"BK";"0A";"Ohne Abschluss";15;1;"**";"1";
"SB";"0A";"Ohne Abschluss";15;1;"**";"1";
"BK";"0A";"Ohne Abschluss";16;7;"**";"1";
"SB";"0A";"Ohne Abschluss";16;7;"**";"1";
"BK";"0A";"Ohne Abschluss";17;8;"**";"1";
"SB";"0A";"Ohne Abschluss";17;8;"**";"1";
"BK";"0A";"Ohne Abschluss";18;9;"**";"1";
"SB";"0A";"Ohne Abschluss";18;9;"**";"1";
"BK";"0A";"Ohne Abschluss";19;9;"**";"1";
"SB";"0A";"Ohne Abschluss";19;9;"**";"1";
"BK";"0A";"Ohne Abschluss";20;7;"**";"1";
"SB";"0A";"Ohne Abschluss";20;7;"**";"1";
"BK";"0A";"Ohne Abschluss";21;7;"**";"1";
"SB";"0A";"Ohne Abschluss";21;7;"**";"1";
"BK";"0A";"Ohne Abschluss";22;1;"**";"1";
"SB";"0A";"Ohne Abschluss";22;1;"**";"1";
"BK";"0A";"Ohne Abschluss";23;1;"**";"1";
"SB";"0A";"Ohne Abschluss";23;1;"**";"1";
"BK";"0A";"Ohne Abschluss";24;7;"**";"1";
"SB";"0A";"Ohne Abschluss";24;7;"**";"1";
"BK";"0A";"Ohne Abschluss";25;1;"**";"1";
"SB";"0A";"Ohne Abschluss";25;1;"**";"1";
"BK";"0A";"Ohne Abschluss";26;8;"**";"1";
"SB";"0A";"Ohne Abschluss";26;8;"**";"1";
"BK";"0A";"Ohne Abschluss";27;9;"**";"1";
"SB";"0A";"Ohne Abschluss";27;9;"**";"1";
"BK";"0A";"Ohne Abschluss";28;8;"**";"1";
"SB";"0A";"Ohne Abschluss";28;8;"**";"1";
"BK";"0A";"Ohne Abschluss";29;1;"**";"1";
"SB";"0A";"Ohne Abschluss";29;1;"**";"1";
"BK";"0A";"Ohne Abschluss";30;7;"**";"1";
"SB";"0A";"Ohne Abschluss";30;7;"**";"1";
"BK";"0A";"Ohne Abschluss";31;7;"**";"1";
"BK";"0A";"Ohne Abschluss";32;9;"**";"1";
"SB";"0A";"Ohne Abschluss";32;9;"**";"1";
"BK";"0A";"Ohne Abschluss";33;1;"**";"1";
"BK";"0A";"Ohne Abschluss";34;7;"**";"1";
"BK";"0A";"Ohne Abschluss";35;8;"**";"1";
"BK";"0A";"Ohne Abschluss";36;11;"**";"1";
"BK";"0A";"Ohne Abschluss";37;8;"**";"1";
"BK";"0A";"ohne Abschluss einschließlich Maßnahmen nach § 37 SchpflG";38;8;"**";"1";
"SB";"0A";"ohne Abschluss einschließlich Maßnahmen nach § 37 SchpflG";38;8;"**";"1";
"BK";"0D";"Hauptschulabschluss nach Klasse 10";7;13;"**";"1";
"SB";"0D";"Hauptschulabschluss nach Klasse 10";7;13;"**";"1";
"BK";"0D";"Hauptschulabschluss nach Klasse 10";8;13;"**";"1";
"BK";"0D";"Hauptschulabschluss nach Klasse 10";9;13;"**";"1";
"SB";"0D";"Hauptschulabschluss nach Klasse 10";9;13;"**";"1";
"BK";"0D";"Hauptschulabschluss nach Klasse 10";12;4;"**";"1";
"SB";"0D";"Hauptschulabschluss nach Klasse 10";12;4;"**";"1";
"BK";"0D";"Hauptschulabschluss nach Klasse 10";13;4;"**";"1";
"BK";"0D";"Ein dem Hauptschulabschluss nach Klasse 10 gleichwertiger Abschluss (für G8 Schüler)";15;1;"**";"1";
"SB";"0D";"Ein dem Hauptschulabschluss nach Klasse 10 gleichwertiger Abschluss (für G8 Schüler)";15;1;"**";"1";
"BK";"0D";"Ein dem Hauptschulabschluss nach Klasse 10 gleichwertiger Abschluss";16;2;"**";"1";
"SB";"0D";"ein dem Hauptschulabschluss nach Klasse 10 gleichwertiger Abschluss";16;2;"**";"1";
"BK";"0D";"Ein dem Hauptschulabschluss nach Klasse 10 gleichwertiger Abschluss";17;3;"**";"1";
"SB";"0D";"ein dem Hauptschulabschluss nach Klasse 10 gleichwertiger Abschluss";17;3;"**";"1";
"BK";"0D";"Ein dem Hauptschulabschluss nach Klasse 10 gleichwertiger Abschluss";18;4;"**";"1";
"SB";"0D";"ein dem Hauptschulabschluss nach Klasse 10 gleichwertiger Abschluss";18;4;"**";"1";
"BK";"0D";"Ein dem Hauptschulabschluss nach Klasse 10 gleichwertiger Abschluss (für G8 Schüler)";19;9;"**";"1";
"SB";"0D";"Ein dem Hauptschulabschluss nach Klasse 10 gleichwertiger Abschluss (für G8 Schüler)";19;9;"**";"1";
"BK";"0D";"Ein dem Hauptschulabschluss nach Klasse 10 gleichwertiger Abschluss (für G8 Schüler)";21;7;"**";"1";
"SB";"0D";"Ein dem Hauptschulabschluss nach Klasse 10 gleichwertiger Abschluss (für G8 Schüler)";21;7;"**";"1";
"BK";"0D";"Ein dem Hauptschulabschluss nach Klasse 10 gleichwertiger Abschluss (für G8 Schüler)";22;1;"**";"1";
"SB";"0D";"Ein dem Hauptschulabschluss nach Klasse 10 gleichwertiger Abschluss (für G8 Schüler)";22;1;"**";"1";
"BK";"0D";"Ein dem Hauptschulabschluss nach Klasse 10 gleichwertiger Abschluss (für G8 Schüler)";27;9;"**";"1";
"SB";"0D";"Ein dem Hauptschulabschluss nach Klasse 10 gleichwertiger Abschluss (für G8 Schüler)";27;9;"**";"1";
"BK";"0D";"Ein dem Hauptschulabschluss nach Klasse 10 gleichwertiger Abschluss (für G8 Schüler)";28;8;"**";"1";
"SB";"0D";"Ein dem Hauptschulabschluss nach Klasse 10 gleichwertiger Abschluss (für G8 Schüler)";28;8;"**";"1";
"BK";"0D";"ein dem Hauptschulabschluss nach Klasse 10 gleichwertiger Schulabschluss (für G8 Schüler)";38;8;"**";"1";
"SB";"0D";"ein dem Hauptschulabschluss nach Klasse 10 gleichwertiger Schulabschluss (für G8 Schüler)";38;8;"**";"1";
"SB";"0D";"ein dem Hauptschulabschluss nach Klasse 10 gleichwertiger Schulabschluss (für G8 Schüler)";38;8;"**";"1";
"BK";"0F";"Mittlerer Schulabschluss (Fachoberschulreife ohne Qualifikationsvermerk)";7;13;"**";"1";
"SB";"0F";"Mittlerer Schulabschluss (Fachoberschulreife ohne Qualifikationsvermerk)";7;13;"**";"1";
"BK";"0F";"Mittlerer Schulabschluss (Fachoberschulreife ohne Qualifikationsvermerk)";8;13;"**";"1";
"BK";"0F";"Mittlerer Schulabschluss (Fachoberschulreife ohne Qualifikationsvermerk)";9;13;"**";"1";
"SB";"0F";"Mittlerer Schulabschluss (Fachoberschulreife ohne Qualifikationsvermerk)";9;13;"**";"1";
"BK";"0F";"Mittlerer Schulabschluss (Fachoberschulreife ohne Qualifikationsvermerk)";12;4;"**";"1";
"SB";"0F";"Mittlerer Schulabschluss (Fachoberschulreife ohne Qualifikationsvermerk)";12;4;"**";"1";
"BK";"0F";"Mittlerer Schulabschluss (Fachoberschulreife ohne Qualifikationsvermerk)";13;4;"**";"1";
"BK";"0F";"Mittlerer Schulabschluss (Fachoberschulreife ohne Berechtigung zum Besuch der gymnasialen Oberstufe)";16;2;"**";"1";
"SB";"0F";"Mittlerer Schulabschluss (Fachoberschulreife ohne Berechtigung zum Besuch der gymnasialen Oberstufe)";16;2;"**";"1";
"BK";"0F";"Mittlerer Schulabschluss (Fachoberschulreife ohneBerechtigung zum Besuch der gymnasialen Oberstufe)";17;3;"**";"1";
"SB";"0F";"Mittlerer Schulabschluss (Fachoberschulreife ohne Berechtigung zum Besuch der gymnasialen Oberstufe)";17;3;"**";"1";
"BK";"0F";"Mittlerer Schulabschluss (Fachoberschulreife ohne Berechtigung zum Besuch der gymnasialen Oberstufe)";18;4;"**";"1";
"SB";"0F";"Mittlerer Schulabschluss (Fachoberschulreife ohne Berechtigung zum Besuch der gymnasialen Oberstufe)";18;4;"**";"1";
"BK";"0G";"Mittlerer Schulabschluss (Fachoberschulreife mit Qualifikationsvermerk)";7;13;"**";"1";
"SB";"0G";"Mittlerer Schulabschluss (Fachoberschulreife mit Qualifikationsvermerk)";7;13;"**";"1";
"BK";"0G";"Mittlerer Schulabschluss (Fachoberschulreife mit Qualifikationsvermerk)";12;4;"**";"1";
"SB";"0G";"Mittlerer Schulabschluss (Fachoberschulreife mit Qualifikationsvermerk)";12;4;"**";"1";
"BK";"0G";"Mittlerer Schulabschluss (Fachoberschulreife mit Berechtigung zum Besuch der gymnasialen Oberstufe)";16;2;"**";"1";
"SB";"0G";"Mittlerer Schulabschluss (Fachoberschulreife mit Berechtigung zum Besuch der gymnasialen Oberstufe)";16;2;"**";"1";
"BK";"0G";"Mittlerer Schulabschluss (Fachoberschulreife mit Berechtigung zum Besuch der gymnasialen Oberstufe)";17;3;"**";"1";
"SB";"0G";"Mittlerer Schulabschluss (Fachoberschulreife mit Berechtigung zum Besuch der gymnasialen Oberstufe)";17;3;"**";"1";
"BK";"0G";"Mittlerer Schulabschluss (Fachoberschulreife mit Berechtigung zum Besuch der gymnasialen Oberstufe)";18;4;"**";"1";
"SB";"0G";"Mittlerer Schulabschluss (Fachoberschulreife mit Berechtigung zum Besuch der gymnasialen Oberstufe)";18;4;"**";"1";
"BK";"0G";"Mittlerer Schulabschluss nach Klasse 11 (für G8 Schüler)";19;9;"**";"1";
"SB";"0G";"Mittlerer Schulabschluss nach Klasse 11 (für G8 Schüler)";19;9;"**";"1";
"BK";"0G";"Mittlerer Schulabschluss nach Klasse 11 (für G8 Schüler)";21;7;"**";"1";
"SB";"0G";"Mittlerer Schulabschluss nach Klasse 11 (für G8 Schüler)";21;7;"**";"1";
"BK";"0G";"Mittlerer Schulabschluss nach Klasse 11 (für G8 Schüler)";27;9;"**";"1";
"SB";"0G";"Mittlerer Schulabschluss nach Klasse 11 (für G8 Schüler)";27;9;"**";"1";
"BK";"0G";"Mittlerer Schulabschluss nach Klasse 11 (für G8 Schüler)";28;8;"**";"1";
"SB";"0G";"Mittlerer Schulabschluss nach Klasse 11 (für G8 Schüler)";28;8;"**";"1";
"BK";"0G";"Mittlerer Schulabschluss nach Klasse 11 (für G8 Schüler)";38;8;"**";"1";
"SB";"0G";"Mittlerer Schulabschluss nach Klasse 11 (für G8 Schüler)";38;8;"**";"1";
"BK";"0H";"Fachhochschulreife (schulischer Teil)";19;12;"**";"1";
"SB";"0H";"Fachhochschulreife (schulischer Teil)";19;12;"**";"1";
"BK";"0H";"Fachhochschulreife (schulischer Teil)";27;8;"**";"1";
"SB";"0H";"Fachhochschulreife (schulischer Teil)";27;8;"**";"1";
"BK";"0H";"Fachhochschulreife (schulischer Teil)";28;8;"**";"1";
"SB";"0H";"Fachhochschulreife (schulischer Teil)";28;8;"**";"1";
"BK";"0K";"Allgemeine Hochschulreife";27;12;"**";"1";
"SB";"0K";"Allgemeine Hochschulreife";27;12;"**";"1";
"BK";"0K";"Allgemeine Hochschulreife";28;3;"**";"1";
"SB";"0K";"Allgemeine Hochschulreife";28;3;"**";"1";
"BK";"1A";"Abschlusszeugnis (berufliche Kenntnisse, Fähigkeiten und Fertigkeiten)";5;1;"**";"1";
"SB";"1A";"Abschlusszeugnis (berufliche Kenntnisse, Fähigkeiten und Fertigkeiten)";5;1;"**";"1";
"BK";"1A";"Abschlusszeugnis (berufliche Kenntnisse, Fähigkeiten und Fertigkeiten)";6;1;"**";"1";
"SB";"1A";"Abschlusszeugnis (berufliche Kenntnisse, Fähigkeiten und Fertigkeiten)";6;1;"**";"1";
"BK";"1A";"Abschlusszeugnis";33;1;"**";"1";
"BK";"1A";"Abschlusszeugnis";34;2;"**";"1";
"BK";"1B";"Abschlusszeugnis (berufliche Kenntnisse, Fähigkeiten und Fertigkeiten) und ein dem Hauptschulabschluss gleichwertiger Abschluss";5;1;"**";"1";
"SB";"1B";"Abschlusszeugnis (berufliche Kenntnisse, Fähigkeiten und Fertigkeiten) und ein dem Hauptschulabschluss gleichwertiger Abschluss";5;1;"**";"1";
"BK";"1B";"Abschlusszeugnis (berufliche Kenntnisse, Fähigkeiten und Fertigkeiten) und ein dem Hauptschulabschluss gleichwertiger Abschluss";6;1;"**";"1";
"SB";"1B";"Abschlusszeugnis (berufliche Kenntnisse, Fähigkeiten und Fertigkeiten) und ein dem Hauptschulabschluss gleichwertiger Abschluss";6;1;"**";"1";
"BK";"1G";"Versetzungszeugnis der Klasse 11 FO und Mittlerer Schulabschluss nach Klasse 11 (für G8 Schüler)";22;1;"**";"1";
"SB";"1G";"Versetzungszeugnis der Klasse 11 FO und Mittlerer Schulabschluss nach Klasse 11 (für G8 Schüler)";22;1;"**";"1";
"BK";"1P";"Versetzungszeugnis der Klasse 11 FO";22;1;"**";"1";
"SB";"1P";"Versetzungszeugnis der Klasse 11 FO";22;1;"**";"1";
"BK";"1S";"Abschlusszeugnis und ein dem Hauptschulabschluss gleichwertiger Abschluss, ggfs. Berechtigung zum Besuch eines weiterführenden Bildungsgangs im Berufskolleg (nur für Internationale  Förderklassen)";5;1;"**";"1";
"SB";"1S";"Abschlusszeugnis und ein dem Hauptschulabschluss gleichwertiger Abschluss, ggfs. Berechtigung zum Besuch eines weiterführenden Bildungsgangs im Berufskolleg  (nur für Internationale  Förderklassen)";5;1;"**";"1";
"BK";"3A";"Berufsschulabschluss (für Schülerinnen und Schüler, die während der Berufsausbildung über ihre Eingangsqualifikation hinaus keinen höherwertigen allgemeinbildenden Abschluss erwerben)";1;9;"**";"1";
"SB";"3A";"Berufsschulabschluss (für Schülerinnen und Schüler, die während der Berufsausbildung über ihre Eingangsqualifikation hinaus keinen höherwertigen allgemeinbildenden Abschluss erwerben)";1;9;"**";"1";
"BK";"3B";"Berufsschulabschluss und Hauptschulabschluss nach Klasse 9 oder ein dem Hauptschulabschluss gleichwertiger Abschluss";1;9;"**";"1";
"SB";"3B";"Berufsschulabschluss und Hauptschulabschluss nach Klasse 9 oder ein dem Hauptschulabschluss gleichwertiger Abschluss";1;9;"**";"1";
"BK";"3D";"Berufsschulabschluss und Hauptschulabschluss nach Klasse 10 oder ein dem Hauptschulabschluss nach Klasse 10 gleichwertiger Abschluss";1;9;"**";"1";
"SB";"3D";"Berufsschulabschluss und Hauptschulabschluss nach Klasse 10 oder ein dem Hauptschulabschluss nach Klasse 10 gleichwertiger Abschluss";1;9;"**";"1";
"BK";"3F";"Berufsschulabschluss und Mittlerer Schulabschluss (Fachoberschulreife ohne Berechtigung zum Besuch der gymnasialen Oberstufe)";1;9;"**";"1";
"SB";"3F";"Berufsschulabschluss und Mittlerer Schulabschluss (Fachoberschulreife ohne Berechtigung zum Besuch der gymnasialen Oberstufe)";1;9;"**";"1";
"BK";"3G";"Berufsschulabschluss und Mittlerer Schulabschluss (Fachoberschulreife mit Berechtigung zum Besuch der gymnasialen Oberstufe)";1;9;"**";"1";
"SB";"3G";"Berufsschulabschluss und Mittlerer Schulabschluss (Fachoberschulreife mit Berechtigung zum Besuch der gymnasialen Oberstufe)";1;9;"**";"1";
"BK";"3J";"Berufsschulabschluss und Fachhochschulreife";2;12;"**";"1";
"SB";"3J";"Berufsschulabschluss und Fachhochschulreife";2;12;"**";"1";
"BK";"4A";"Berufliche Kenntnisse, Fähigkeiten und Fertigkeiten";15;1;"**";"1";
"SB";"4A";"Berufliche Kenntnisse, Fähigkeiten und Fertigkeiten";15;1;"**";"1";
"BK";"4D";"berufliche Kenntnisse, Fähigkeiten und Fertigkeiten und ein dem Hauptschulabschluss nach Klasse 10 gleichwertiger Abschluss";14;1;"**";"1";
"SB";"4D";"Berufliche Kenntnisse, Fähigkeiten und Fertigkeiten und ein dem Hauptschulabschluss nach Klasse 10 gleichwertiger Abschluss";14;1;"**";"1";
"BK";"4D";"Berufliche Kenntnisse, Fähigkeiten und Fertigkeiten und ein dem Hauptschulabschluss nach Klasse 10 gleichwertiger Abschluss (für G8 Schüler)";21;7;"**";"1";
"SB";"4D";"Berufliche Kenntnisse, Fähigkeiten und Fertigkeiten und ein dem Hauptschulabschluss nach Klasse 10 gleichwertiger Abschluss (für G8 Schüler)";21;7;"**";"1";
"BK";"4D";"berufliche Kenntnisse, Fähigkeiten und Fertigkeiten und ein dem Hauptschul-abschluss nach Klasse 10 gleichwertiger Schulabschluss (für G8 Schüler)";38;2;"**";"1";
"SB";"4D";"berufliche Kenntnisse, Fähigkeiten und Fertigkeiten und ein dem Hauptschul-abschluss nach Klasse 10 gleichwertiger Schulabschluss (für G8 Schüler)";38;2;"**";"1";
"BK";"4F";"Berufliche Kenntnisse, Fähigkeiten und Fertigkeiten und Mittlerer Schulabschluss (Fachoberschulreife ohne Berechtigung zum Besuch der gymnasialen Oberstufe)";15;1;"**";"1";
"SB";"4F";"Berufliche Kenntnisse, Fähigkeiten und Fertigkeiten und Mittlerer Schulabschluss (Fachoberschulreife ohne Berechtigung zum Besuch der gymnasialen Oberstufe)";15;1;"**";"1";
"BK";"4G";"Berufliche Kenntnisse, Fähigkeiten und Fertigkeiten und Mittlerer Schulabschluss (Fachoberschulreife mit Berechtigung zum Besuch der gymnasialen Oberstufe)";15;1;"**";"1";
"SB";"4G";"Berufliche Kenntnisse, Fähigkeiten und Fertigkeiten und Mittlerer Schulabschluss (Fachoberschulreife mit Berechtigung zum Besuch der gymnasialen Oberstufe)";15;1;"**";"1";
"BK";"4G";"Berufliche Kenntnisse, Fähigkeiten und Fertigkeiten und Mittlerer Schulabschluss nach Klasse 11 (für G8 Schüler)";21;7;"**";"1";
"SB";"4G";"Berufliche Kenntnisse, Fähigkeiten und Fertigkeiten und Mittlerer Schulabschluss nach Klasse 11 (für G8 Schüler)";21;7;"**";"1";
"BK";"4G";"berufliche Kenntnisse, Fähigkeiten und Fertigkeiten und Mittlerer Schulabschluss nach Klasse 11 (für G8 Schüler)";38;2;"**";"1";
"SB";"4G";"berufliche Kenntnisse, Fähigkeiten und Fertigkeiten und Mittlerer Schulabschluss nach Klasse 11 (für G8 Schüler)";38;2;"**";"1";
"BK";"4H";"Berufliche Kenntnisse, Fähigkeiten und Fertigkeiten und Fachhochschulreife (schulischer Teil)";21;2;"**";"1";
"SB";"4H";"Berufliche Kenntnisse, Fähigkeiten und Fertigkeiten und Fachhochschulreife (schulischer Teil)";21;2;"**";"1";
"BK";"4H";"Berufliche Kenntnisse, Fähigkeiten und Fertigkeiten und Fachhochschulreife (schulischer Teil)";27;12;"**";"1";
"SB";"4H";"Berufliche Kenntnisse, Fähigkeiten und Fertigkeiten und Fachhochschulreife (schulischer Teil)";27;12;"**";"1";
"BK";"4H";"Berufliche Kenntnisse, Fähigkeiten und Fertigkeiten und Fachhochschulreife (schulischer Teil)";28;3;"**";"1";
"SB";"4H";"Berufliche Kenntnisse, Fähigkeiten und Fertigkeiten und Fachhochschulreife (schulischer Teil)";28;3;"**";"1";
"BK";"4H";"berufliche Kenntnisse, Fähigkeiten und Fertigkeiten und Fachhochschulreife (schulischer Teil)";38;2;"**";"1";
"BK";"4H";"berufliche Kenntnisse, Fähigkeiten und Fertigkeiten und Fachhochschulreife (schulischer Teil)";38;3;"**";"1";
"SB";"4H";"berufliche Kenntnisse, Fähigkeiten und Fertigkeiten und Fachhochschulreife (schulischer Teil)";38;2;"**";"1";
"SB";"4H";"berufliche Kenntnisse, Fähigkeiten und Fertigkeiten und Fachhochschulreife (schulischer Teil)";38;3;"**";"1";
"BK";"4J";"Berufliche Kenntnisse, Fähigkeiten und Fertigkeiten und Fachhochschulreife";23;1;"**";"1";
"SB";"4J";"Berufliche Kenntnisse, Fähigkeiten und Fertigkeiten und Fachhochschulreife";23;1;"**";"1";
"BK";"4K";"Berufliche Kenntnisse, Fähigkeiten und Fertigkeiten und Allgemeine Hochschulreife";27;12;"**";"1";
"SB";"4K";"Berufliche Kenntnisse, Fähigkeiten und Fertigkeiten und Allgemeine Hochschulreife";27;12;"**";"1";
"BK";"4K";"Berufliche Kenntnisse, Fähigkeiten und Fertigkeiten und Allgemeine Hochschulreife";28;3;"**";"1";
"SB";"4K";"Berufliche Kenntnisse, Fähigkeiten und Fertigkeiten und Allgemeine Hochschulreife";28;3;"**";"1";
"BK";"5A";"Berufsabschluss (für Schüler, die bereits die Qualifikation des Hauptschulabschlusses der Klasse 10 oder einen höheren Abschluss erreicht hatten)";7;13;"**";"1";
"SB";"5A";"Berufsabschluss (für Schüler, die bereits die Qualifikation des Hauptschulabschlusses der Klasse 10 oder einen höheren Abschluss erreicht hatten)";7;13;"**";"1";
"BK";"5A";"Berufsabschluss (für Schüler, die bereits die Qualifikation des Hauptschulabschlusses der Klasse 10 oder einen höheren Abschluss erreicht hatten)";8;13;"**";"1";
"BK";"5A";"Berufsabschluss (für Schüler, die bereits die Qualifikation des Hauptschulabschlusses der Klasse 10 oder einen höheren Abschluss erreicht hatten)";9;13;"**";"1";
"SB";"5A";"Berufsabschluss (für Schüler, die bereits die Qualifikation des Hauptschulabschlusses der Klasse 10 oder einen höheren Abschluss erreicht hatten)";9;13;"**";"1";
"BK";"5A";"Berufsabschluss (für Schüler, die bereits die Qualifikation des Hauptschulabschlusses der Klasse 10 oder einen höheren Abschluss erreicht hatten)";12;4;"**";"1";
"SB";"5A";"Berufsabschluss (für Schüler, die bereits die Qualifikation des Hauptschulabschlusses der Klasse 10 oder einen höheren Abschluss erreicht hatten)";12;4;"**";"1";
"BK";"5A";"Berufsabschluss (für Schüler, die bereits die Qualifikation des Hauptschulabschlusses der Klasse 10 oder einen höheren Abschluss erreicht hatten)";13;4;"**";"1";
"BK";"5A";"Berufsabschluss (für Schüler, die bereits die Qualifikation des Hauptschulabschlusses der Klasse 10 oder einen höheren Abschluss erreicht hatten)";16;2;"**";"1";
"SB";"5A";"Berufsabschluss (für Schüler, die bereits die Qualifikation des Hauptschulabschlusses nach Klasse 10 oder einen höheren Abschluss erreicht hatten)";16;2;"**";"1";
"BK";"5A";"Berufsabschluss (für Schüler, die bereits die Qualifikation des Hauptschulabschlusses der Klasse 10 oder einen höheren Abschluss erreicht hatten)";17;3;"**";"1";
"SB";"5A";"Berufsabschluss (für Schüler, die bereits die Qualifikation des Hauptschulabschlusses der Klasse 10 oder einen höheren Abschluss erreicht hatten)";17;3;"**";"1";
"BK";"5A";"Berufsabschluss (für Schüler, die bereits die Qualifikation des Hauptschulabschlusses der Klasse 10 oder einen höheren Abschluss erreicht hatten)";18;4;"**";"1";
"SB";"5A";"Berufsabschluss (für Schüler, die bereits die Qualifikation des Hauptschulabschlusses der Klasse 10 oder einen höheren Abschluss erreicht hatten)";18;4;"**";"1";
"BK";"5A";"Berufsabschluss";19;12;"**";"1";
"SB";"5A";"Berufsabschluss";19;12;"**";"1";
"BK";"5A";"Berufsabschluss";20;2;"**";"1";
"SB";"5A";"Berufsabschluss";20;2;"**";"1";
"BK";"5D";"Berufsabschluss und Hauptschulabschluss nach Klasse 10";7;13;"**";"1";
"SB";"5D";"Berufsabschluss und Hauptschulabschluss nach Klasse 10";7;13;"**";"1";
"BK";"5D";"Berufsabschluss und Hauptschulabschluss nach Klasse 10";8;13;"**";"1";
"BK";"5D";"Berufsabschluss und Hauptschulabschluss nach Klasse 10";9;13;"**";"1";
"SB";"5D";"Berufsabschluss und Hauptschulabschluss nach Klasse 10";9;13;"**";"1";
"BK";"5D";"Berufsabschluss und Hauptschulabschluss nach Klasse 10";12;4;"**";"1";
"SB";"5D";"Berufsabschluss und Hauptschulabschluss nach Klasse 10";12;4;"**";"1";
"BK";"5D";"Berufsabschluss und Hauptschulabschluss nach Klasse 10";13;4;"**";"1";
"BK";"5D";"Berufsabschluss und ein dem Hauptschulabschluss nach Klasse 10 gleichwertiger Abschluss";16;2;"**";"1";
"SB";"5D";"Berufsabschluss und ein dem Hauptschulabschluss nach Klasse 10 gleichwertiger Abschluss";16;2;"**";"1";
"BK";"5D";"Berufsabschluss und ein dem Hauptschulabschluss nach Klasse 10 gleichwertiger Abschluss";17;3;"**";"1";
"SB";"5D";"Berufsabschluss und ein dem Hauptschulabschluss nach Klasse 10 gleichwertiger Abschluss";17;3;"**";"1";
"BK";"5D";"Berufsabschluss und ein dem Hauptschulabschluss nach Klasse 10 gleichwertiger Abschluss";18;4;"**";"1";
"SB";"5D";"Berufsabschluss und ein dem Hauptschulabschluss nach Klasse 10 gleichwertiger Abschluss";18;4;"**";"1";
"BK";"5F";"Berufsabschluss und Mittlerer Schulabschluss (Fachoberschulreife ohne Qualifikationsvermerk)";7;13;"**";"1";
"SB";"5F";"Berufsabschluss und Mittlerer Schulabschluss (Fachoberschulreife ohne Qualifikationsvermerk)";7;13;"**";"1";
"BK";"5F";"Berufsabschluss und Mittlerer Schulabschluss (Fachoberschulreife ohne Qualifikationsvermerk)";8;13;"**";"1";
"BK";"5F";"Berufsabschluss und Mittlerer Schulabschluss (Fachoberschulreife ohne Qualifikationsvermerk)";9;13;"**";"1";
"SB";"5F";"Berufsabschluss und Mittlerer Schulabschluss (Fachoberschulreife ohne Qualifikationsvermerk)";9;13;"**";"1";
"BK";"5F";"Berufsabschluss und Mittlerer Schulabschluss (Fachoberschulreife ohne Qualifikationsvermerk)";12;4;"**";"1";
"SB";"5F";"Berufsabschluss und Mittlerer Schulabschluss (Fachoberschulreife ohne Qualifikationsvermerk)";12;4;"**";"1";
"BK";"5F";"Berufsabschluss und Mittlerer Schulabschluss (Fachoberschulreife ohne Qualifikationsvermerk)";13;4;"**";"1";
"BK";"5F";"Berufsabschluss und Mittlerer Schulabschluss (Fachoberschulreife ohne Berechtigung zum Besuch der gymnasialen Oberstufe)";16;2;"**";"1";
"SB";"5F";"Berufsabschluss und Mittlerer Schulabschluss (Fachoberschulreife ohne Berechtigung zum Besuch der gymnasialen Oberstufe)";16;2;"**";"1";
"BK";"5F";"Berufsabschluss und Mittlerer Schulabschluss (Fachoberschulreife ohne Berechtigung zum Besuch der gymnasialen Oberstufe)";17;3;"**";"1";
"SB";"5F";"Berufsabschluss und Mittlerer Schulabschluss (Fachoberschulreife ohne Berechtigung zum Besuch der gymnasialen Oberstufe)";17;3;"**";"1";
"BK";"5F";"Berufsabschluss und Mittlerer Schulabschluss (Fachoberschulreife ohne Berechtigung zum Besuch der gymnasialen Oberstufe)";18;4;"**";"1";
"SB";"5F";"Berufsabschluss und Mittlerer Schulabschluss (Fachoberschulreife ohne Berechtigung zum Besuch der gymnasialen Oberstufe)";18;4;"**";"1";
"BK";"5G";"Berufsabschluss und Mittlerer Schulabschluss (Fachoberschulreife mit Qualifikationsvermerk)";7;13;"**";"1";
"SB";"5G";"Berufsabschluss und Mittlerer Schulabschluss (Fachoberschulreife mit Qualifikationsvermerk)";7;13;"**";"1";
"BK";"5G";"Berufsabschluss und Mittlerer Schulabschluss (Fachoberschulreife mit Qualifikationsvermerk)";8;13;"**";"1";
"BK";"5G";"Berufsabschluss und Mittlerer Schulabschluss (Fachoberschulreife mit Qualifikationsvermerk)";9;13;"**";"1";
"SB";"5G";"Berufsabschluss und Mittlerer Schulabschluss (Fachoberschulreife mit Qualifikationsvermerk)";9;13;"**";"1";
"BK";"5G";"Berufsabschluss und Mittlerer Schulabschluss (Fachoberschulreife mit Qualifikationsvermerk)";12;4;"**";"1";
"SB";"5G";"Berufsabschluss und Mittlerer Schulabschluss (Fachoberschulreife mit Qualifikationsvermerk)";12;4;"**";"1";
"BK";"5G";"Berufsabschluss und Mittlerer Schulabschluss (Fachoberschulreife mit Berechtigung zum Besuch der gymnasialen Oberstufe)";16;2;"**";"1";
"SB";"5G";"Berufsabschluss und Mittlerer Schulabschluss (Fachoberschulreife mit Berechtigung zum Besuch der gymnasialen Oberstufe)";16;2;"**";"1";
"BK";"5G";"Berufsabschluss und Mittlerer Schulabschluss (Fachoberschulreife mit Berechtigung zum Besuch der gymnasialen Oberstufe)";17;3;"**";"1";
"SB";"5G";"Berufsabschluss und Mittlerer Schulabschluss (Fachoberschulreife mit Berechtigung zum Besuch der gymnasialen Oberstufe)";17;3;"**";"1";
"BK";"5G";"Berufsabschluss und Mittlerer Schulabschluss (Fachoberschulreife mit Berechtigung zum Besuch der gymnasialen Oberstufe)";18;4;"**";"1";
"SB";"5G";"Berufsabschluss und Mittlerer Schulabschluss (Fachoberschulreife mit Berechtigung zum Besuch der gymnasialen Oberstufe)";18;4;"**";"1";
"BK";"5J";"Berufsabschluss und Fachhochschulreife";8;13;"**";"1";
"BK";"5J";"Berufsabschluss und Fachhochschulreife";9;13;"**";"1";
"SB";"5J";"Berufsabschluss und Fachhochschulreife";9;13;"**";"1";
"BK";"5J";"Berufsabschluss und Fachhochschulreife";13;4;"**";"1";
"BK";"5J";"Berufsabschluss und Fachhochschulreife";19;12;"**";"1";
"SB";"5J";"Berufsabschluss und Fachhochschulreife";19;12;"**";"1";
"BK";"5J";"Berufsabschluss und Fachhochschulreife";27;4;"**";"1";
"SB";"5J";"Berufsabschluss und Fachhochschulreife";27;4;"**";"1";
"BK";"5J";"Berufsabschluss und Fachhochschulreife";38;3;"**";"1";
"SB";"5J";"Berufsabschluss und Fachhochschulreife";38;3;"**";"1";
"BK";"5K";"Berufsabschluss und Allgemeine Hochschulreife";27;4;"**";"1";
"SB";"5K";"Berufsabschluss und allgemeine Hochschulreife";27;4;"**";"1";
"BK";"6A";"Fachschulabschluss";31;2;"**";"1";
"BK";"6A";"Fachschulabschluss";32;4;"**";"1";
"SB";"6A";"Fachschulabschluss";32;4;"**";"1";
"BK";"6A";"Fachschulabschluss";33;1;"**";"1";
"BK";"6A";"Fachschulabschluss";34;2;"**";"1";
"BK";"6A";"Fachschulabschluss";35;2;"**";"1";
"BK";"6A";"Fachschulabschluss";35;3;"**";"1";
"BK";"6A";"Fachschulabschluss";36;6;"**";"1";
"BK";"6A";"Fachschulabschluss";37;3;"**";"1";
"BK";"6F";"Fachschulabschluss und Mittlerer Schulabschluss";31;2;"**";"1";
"BK";"6F";"Fachschulabschluss und MittlererSchulabschluss";32;4;"**";"1";
"SB";"6F";"Fachschulabschluss und Mittlerer Schulabschluss";32;4;"**";"1";
"BK";"6F";"Fachschulabschluss und Mittlerer Schulabschluss";35;3;"**";"1";
"BK";"6F";"Fachschulabschluss und Mittlerer Schulabschluss";35;2;"**";"1";
"BK";"6F";"Fachschulabschluss und Mittlerer Schulabschluss";36;6;"**";"1";
"BK";"6F";"Fachschulabschluss und Mittlerer Schulabschluss";37;3;"**";"1";
"BK";"6J";"Fachschulabschluss und Fachhochschulreife";31;2;"**";"1";
"BK";"6J";"Fachschulabschluss und Fachhochschulreife";32;4;"**";"1";
"SB";"6J";"Fachschulabschluss und Fachhochschulreife";32;4;"**";"1";
"BK";"6J";"Fachschulabschluss und Fachhochschulreife";35;3;"**";"1";
"BK";"6J";"Fachschulabschluss und Fachhochschulreife";35;2;"**";"1";
"BK";"6J";"Fachschulabschluss und Fachhochschulreife";36;6;"**";"1";
"BK";"6J";"Fachschulabschluss und Fachhochschulreife";37;3;"**";"1";
"BK";"8D";"Vertiefte berufliche Kenntnisse, Fähigkeiten und Fertigkeiten und ein dem Hauptschulabschluss nach Klasse 10 gleichwertiger Abschluss (für G8 Schüler)";24;2;"**";"1";
"SB";"8D";"Vertiefte berufliche Kenntnisse, Fähigkeiten und Fertigkeiten und ein dem Hauptschulabschluss nach Klasse 10 gleichwertiger Abschluss (für G8 Schüler)";24;2;"**";"1";
"BK";"8D";"Vertiefte berufliche Kenntnisse, Fähigkeiten und Fertigkeiten und ein dem Hauptschulabschluss nach Klasse 10 gleichwertiger Abschluss (für G8 Schüler)";25;1;"**";"1";
"SB";"8D";"Vertiefte berufliche Kenntnisse, Fähigkeiten und Fertigkeiten und ein dem Hauptschulabschluss nach Klasse 10 gleichwertiger Abschluss (für G8 Schüler)";25;1;"**";"1";
"BK";"8D";"Vertiefte berufliche Kenntnisse, Fähigkeiten und Fertigkeiten und ein dem Hauptschulabschluss nach Klasse 10 gleichwertiger Abschluss (für G8 Schüler)";26;3;"**";"1";
"SB";"8D";"Vertiefte berufliche Kenntnisse, Fähigkeiten und Fertigkeiten und ein dem Hauptschulabschluss nach Klasse 10 gleichwertiger Abschluss (für G8 Schüler)";26;3;"**";"1";
"BK";"8G";"Vertiefte berufliche Kenntnisse, Fähigkeiten und Fertigkeiten und Mittlerer Schulabschluss nach Klasse 11 (für G8 Schüler)";24;2;"**";"1";
"SB";"8G";"Vertiefte berufliche Kenntnisse, Fähigkeiten und Fertigkeiten und Mittlerer Schulabschluss nach Klasse 11 (für G8 Schüler)";24;2;"**";"1";
"BK";"8G";"Vertiefte berufliche Kenntnisse, Fähigkeiten und Fertigkeiten und Mittlerer Schulabschluss nach Klasse 11 (für G8 Schüler)";25;1;"**";"1";
"SB";"8G";"Vertiefte berufliche Kenntnisse, Fähigkeiten und Fertigkeiten und Mittlerer Schulabschluss nach Klasse 11 (für G8 Schüler)";25;1;"**";"1";
"BK";"8G";"Vertiefte berufliche Kenntnisse, Fähigkeiten und Fertigkeiten und Mittlerer Schulabschluss nach Klasse 11 (für G8 Schüler)";26;3;"**";"1";
"SB";"8G";"Vertiefte berufliche Kenntnisse, Fähigkeiten und Fertigkeiten und Mittlerer Schulabschluss nach Klasse 11 (für G8 Schüler)";26;3;"**";"1";
"BK";"8J";"Vertiefte berufliche Kenntnisse, Fähigkeiten und Fertigkeiten und Fachhochschulreife";24;2;"**";"1";
"SB";"8J";"Vertiefte berufliche Kenntnisse, Fähigkeiten und Fertigkeiten und Fachhochschulreife";24;2;"**";"1";
"BK";"8J";"Vertiefte berufliche Kenntnisse, Fähigkeiten und Fertigkeiten und Fachhochschulreife";25;1;"**";"1";
"SB";"8J";"Vertiefte berufliche Kenntnisse, Fähigkeiten und Fertigkeiten und Fachhochschulreife";25;1;"**";"1";
"BK";"8J";"Vertiefte berufliche Kenntnisse, Fähigkeiten und Fertigkeiten und Fachhochschulreife";26;3;"**";"1";
"SB";"8J";"Vertiefte berufliche Kenntnisse, Fähigkeiten und Fertigkeiten und Fachhochschulreife";26;3;"**";"1";
"BK";"8K";"Vertiefte berufliche Kenntnisse, Fähigkeiten und Fertigkeiten und Allgemeine Hochschulreife";29;1;"**";"1";
"SB";"8K";"Vertiefte berufliche Kenntnisse, Fähigkeiten und Fertigkeiten und Allgemeine Hochschulreife";29;1;"**";"1";
"BK";"8K";"Vertiefte berufliche Kenntnisse, Fähigkeiten und Fertigkeiten und Allgemeine Hochschulreife";30;2;"**";"1";
"SB";"8K";"Vertiefte berufliche Kenntnisse, Fähigkeiten und Fertigkeiten und Allgemeine Hochschulreife";30;2;"**";"1";
"BK";"8Q";"Vertiefte berufliche Kenntnisse, Fähigkeiten und Fertigkeiten und fachgebundene Hochschulreife";29;1;"**";"1";
"SB";"8Q";"Vertiefte berufliche Kenntnisse, Fähigkeiten und Fertigkeiten und fachgebundene Hochschulreife";29;1;"**";"1";
"BK";"8Q";"Vertiefte berufliche Kenntnisse, Fähigkeiten und Fertigkeiten und fachgebundene Hochschulreife";30;2;"**";"1";
"SB";"8Q";"Vertiefte berufliche Kenntnisse, Fähigkeiten und Fertigkeiten und fachgebundene Hochschulreife";30;2;"**";"1";
"BK";"9A";"Schulwechsler, die ihre Ausbildung an einer anderen Schule fortsetzen (ohne Bildungsgangabbrecher)";1;9;"**";"1";
"SB";"9A";"Schulwechsler, die ihre Ausbildung an einer anderen Schule fortsetzen (ohne Bildungsgangabbrecher)";1;9;"**";"1";
"BK";"9A";"Schulwechsler, die ihre Ausbildung an einer anderen Schule fortsetzen (ohne Bildungsgangabbrecher)";5;1;"**";"1";
"SB";"9A";"Schulwechsler, die ihre Ausbildung an einer anderen Schule fortsetzen (ohne Bildungsgangabbrecher)";5;1;"**";"1";
"BK";"9A";"Schulwechsler, die ihre Ausbildung an einer anderen Schule fortsetzen (ohne Bildungsgangabbrecher)";6;1;"**";"1";
"SB";"9A";"Schulwechsler, die ihre Ausbildung an einer anderen Schule fortsetzen (ohne Bildungsgangabbrecher)";6;1;"**";"1";
"BK";"9A";"Schulwechsler, die ihre Ausbildung an einer anderen Schule fortsetzen (ohne Bildungsgangabbrecher)";7;9;"**";"1";
"SB";"9A";"Schulwechsler, die ihre Ausbildung an einer anderen Schule fortsetzen (ohne Bildungsgangabbrecher)";7;9;"**";"1";
"BK";"9A";"Schulwechsler, die ihre Ausbildung an einer anderen Schule fortsetzen (ohne Bildungsgangabbrecher)";8;9;"**";"1";
"BK";"9A";"Schulwechsler, die ihre Ausbildung an einer anderen Schule fortsetzen (ohne Bildungsgangabbrecher)";9;9;"**";"1";
"SB";"9A";"Schulwechsler, die ihre Ausbildung an einer anderen Schule fortsetzen (ohne Bildungsgangabbrecher)";9;9;"**";"1";
"BK";"9A";"Schulwechsler, die ihre Ausbildung an einer anderen Schule fortsetzen (ohne Bildungsgangabbrecher)";12;4;"**";"1";
"SB";"9A";"Schulwechsler, die ihre Ausbildung an einer anderen Schule fortsetzen (ohne Bildungsgangabbrecher)";12;4;"**";"1";
"BK";"9A";"Schulwechsler, die ihre Ausbildung an einer anderen Schule fortsetzen (ohne Bildungsgangabbrecher)";13;4;"**";"1";
"BK";"9A";"Schulwechsler, die ihre Ausbildung an einer anderen Schule fortsetzen (ohne Bildungsgangabbrecher)";14;1;"**";"1";
"SB";"9A";"Schulwechsler, die ihre Ausbildung an einer anderen Schule fortsetzen (ohne Bildungsgangabbrecher)";14;1;"**";"1";
"BK";"9A";"Schulwechsler, die ihre Ausbildung an einer anderen Schule fortsetzen (ohne Bildungsgangabbrecher)";15;1;"**";"1";
"SB";"9A";"Schulwechsler, die ihre Ausbildung an einer anderen Schule fortsetzen (ohne Bildungsgangabbrecher)";15;1;"**";"1";
"BK";"9A";"Schulwechsler, die ihre Ausbildung an einer anderen Schule fortsetzen (ohne Bildungsgangabbrecher)";16;7;"**";"1";
"SB";"9A";"Schulwechsler, die ihre Ausbildung an einer anderen Schule fortsetzen (ohne Bildungsgangabbrecher)";16;7;"**";"1";
"BK";"9A";"Schulwechsler, die ihre Ausbildung an einer anderen Schule fortsetzen (ohne Bildungsgangabbrecher)";17;8;"**";"1";
"SB";"9A";"Schulwechsler, die ihre Ausbildung an einer anderen Schule fortsetzen (ohne Bildungsgangabbrecher)";17;8;"**";"1";
"BK";"9A";"Schulwechsler, die ihre Ausbildung an einer anderen Schule fortsetzen (ohne Bildungsgangabbrecher)";18;9;"**";"1";
"SB";"9A";"Schulwechsler, die ihre Ausbildung an einer anderen Schule fortsetzen (ohne Bildungsgangabbrecher)";18;9;"**";"1";
"BK";"9A";"Schulwechsler, die ihre Ausbildung an einer anderen Schule fortsetzen (ohne Bildungsgangabbrecher)";19;9;"**";"1";
"SB";"9A";"Schulwechsler, die ihre Ausbildung an einer anderen Schule fortsetzen (ohne Bildungsgangabbrecher)";19;9;"**";"1";
"BK";"9A";"Schulwechsler, die ihre Ausbildung an einer anderen Schule fortsetzen (ohne Bildungsgangabbrecher)";20;7;"**";"1";
"SB";"9A";"Schulwechsler, die ihre Ausbildung an einer anderen Schule fortsetzen (ohne Bildungsgangabbrecher)";20;7;"**";"1";
"BK";"9A";"Schulwechsler, die ihre Ausbildung an einer anderen Schule fortsetzen (ohne Bildungsgangabbrecher)";21;7;"**";"1";
"SB";"9A";"Schulwechsler, die ihre Ausbildung an einer anderen Schule fortsetzen (ohne Bildungsgangabbrecher)";21;7;"**";"1";
"BK";"9A";"Schulwechsler, die ihre Ausbildung an einer anderen Schule fortsetzen (ohne Bildungsgangabbrecher)";22;1;"**";"1";
"SB";"9A";"Schulwechsler, die ihre Ausbildung an einer anderen Schule fortsetzen (ohne Bildungsgangabbrecher)";22;1;"**";"1";
"BK";"9A";"Schulwechsler, die ihre Ausbildung an einer anderen Schule fortsetzen (ohne Bildungsgangabbrecher)";23;1;"**";"1";
"SB";"9A";"Schulwechsler, die ihre Ausbildung an einer anderen Schule fortsetzen (ohne Bildungsgangabbrecher)";23;1;"**";"1";
"BK";"9A";"Schulwechsler, die ihre Ausbildung an einer anderen Schule fortsetzen (ohne Bildungsgangabbrecher)";24;7;"**";"1";
"SB";"9A";"Schulwechsler, die ihre Ausbildung an einer anderen Schule fortsetzen (ohne Bildungsgangabbrecher)";24;7;"**";"1";
"BK";"9A";"Schulwechsler, die ihre Ausbildung an einer anderen Schule fortsetzen (ohne Bildungsgangabbrecher)";25;1;"**";"1";
"SB";"9A";"Schulwechsler, die ihre Ausbildung an einer anderen Schule fortsetzen (ohne Bildungsgangabbrecher)";25;1;"**";"1";
"BK";"9A";"Schulwechsler, die ihre Ausbildung an einer anderen Schule fortsetzen (ohne Bildungsgangabbrecher)";26;8;"**";"1";
"SB";"9A";"Schulwechsler, die ihre Ausbildung an einer anderen Schule fortsetzen (ohne Bildungsgangabbrecher)";26;8;"**";"1";
"BK";"9A";"Schulwechsler, die ihre Ausbildung an einer anderen Schule fortsetzen (ohne Bildungsgangabbrecher)";27;9;"**";"1";
"SB";"9A";"Schulwechsler, die ihre Ausbildung an einer anderen Schule fortsetzen (ohne Bildungsgangabbrecher)";27;9;"**";"1";
"BK";"9A";"Schulwechsler, die ihre Ausbildung an einer anderen Schule fortsetzen (ohne Bildungsgangabbrecher)";28;8;"**";"1";
"SB";"9A";"Schulwechsler, die ihre Ausbildung an einer anderen Schule fortsetzen (ohne Bildungsgangabbrecher)";28;8;"**";"1";
"BK";"9A";"Schulwechsler, die ihre Ausbildung an einer anderen Schule fortsetzen (ohne Bildungsgangabbrecher)";29;1;"**";"1";
"SB";"9A";"Schulwechsler, die ihre Ausbildung an einer anderen Schule fortsetzen (ohne Bildungsgangabbrecher)";29;1;"**";"1";
"BK";"9A";"Schulwechsler, die ihre Ausbildung an einer anderen Schule fortsetzen (ohne Bildungsgangabbrecher)";30;7;"**";"1";
"SB";"9A";"Schulwechsler, die ihre Ausbildung an einer anderen Schule fortsetzen (ohne Bildungsgangabbrecher)";30;7;"**";"1";
"BK";"9A";"Schulwechsler, die ihre Ausbildung an einer anderen Schule fortsetzen (ohne Bildungsgangabbrecher)";31;7;"**";"1";
"BK";"9A";"Schulwechsler, die ihre Ausbildung an einer anderen Schule fortsetzen (ohne Bildungsgangabbrecher)";32;9;"**";"1";
"SB";"9A";"Schulwechsler, die ihre Ausbildung an einer anderen Schule fortsetzen (ohne Bildungsgangabbrecher)";32;9;"**";"1";
"BK";"9A";"Schulwechsler, die ihre Ausbildung an einer anderen Schule fortsetzen (ohne Bildungsgangabbrecher)";33;1;"**";"1";
"BK";"9A";"Schulwechsler, die ihre Ausbildung an einer anderen Schule fortsetzen (ohne Bildungsgangabbrecher)";34;7;"**";"1";
"BK";"9A";"Schulwechsler, die ihre Ausbildung an einer anderen Schule fortsetzen (ohne Bildungsgangabbrecher)";35;8;"**";"1";
"BK";"9A";"Schulwechsler, die ihre Ausbildung an einer anderen Schule fortsetzen (ohne Bildungsgangabbrecher)";36;11;"**";"1";
"BK";"9A";"Schulwechsler, die ihre Ausbildung an einer anderen Schule fortsetzen (ohne Bildungsgangabbrecher)";37;8;"**";"1";
"BK";"9A";"Schulwechsler, die ihre Ausbildung an einer anderen Schule fortsetzen (ohne Bildungsgangabbrecher)";38;8;"**";"1";
"SB";"9A";"Schulwechsler, die ihre Ausbildung an einer anderen Schule fortsetzen (ohne Bildungsgangabbrecher)";38;8;"**";"1";
"WB";"B";"Hauptschulabschluss (ohne Berechtigung zum Besuch der Klasse 10, Typ B)";null;0;"**";"1";
"WB";"D";"Hauptschulabschluss nach Klasse 10";null;0;"**";"1";
"WB";"F";"Mittlerer Schulabschluss - Fachoberschulreife ohne Berechtigung zum Besuch der gymnasialen Oberstufe (ohne Versetzungsvermerk)";0;0;"**";"1";
"WB";"G";"Mittlerer Schulabschluss - Fachoberschulreife mit Berechtigung zum Besuch der gymnasialen Oberstufe (mit Versetzungsvermerk)";null;0;"**";"1";
"WB";"H";"Fachhochschulreife (schulischer Teil)";null;0;"**";"1";
"WB";"J";"Fachhochschulreife (nur für Studierende, die bereits den berufsbezogenen Teil der Fachhochschulreife erworben haben)";0;0;"**";"1";
"WB";"K";"Abitur (allgemeine Hochschulreife)";null;0;"**";"1";
"FW";"G";"Mittlerer Schulabschluss - Fachoberschulreife mit Berechtigung zum Besuch der gymnasialen Oberstufe (nur Hiberniakolleg)";0;0;"01";"1";
"FW";"G";"Mittlerer Schulabschluss - Fachoberschulreife mit Berechtigung zum Besuch der gymnasialen Oberstufe (nur Hiberniakolleg)";0;0;"02";"1";
"FW";"5G";"Berufsabschluss und Mittlerer Schulabschluss - Fachoberschulreife mit Berechtigung zum Besuch der gymnasialen Oberstufe (nur Hiberniaschule)";0;0;"03";"1";
"FW";"G";"Mittlerer Schulabschluss - Fachoberschulreife mit Berechtigung zum Besuch der gymnasialen Oberstufe (nur Hiberniakolleg)";0;0;"03";"1";
"FW";"5G";"Berufsabschluss und Mittlerer Schulabschluss - Fachoberschulreife mit Berechtigung zum Besuch der gymnasialen Oberstufe (nur Hiberniaschule)";0;0;"04";"1";
"FW";"G";"Mittlerer Schulabschluss - Fachoberschulreife mit Berechtigung zum Besuch der gymnasialen Oberstufe (nur Hiberniakolleg)";0;0;"04";"1";
"FW";"5G";"Berufsabschluss und Mittlerer Schulabschluss - Fachoberschulreife mit Berechtigung zum Besuch der gymnasialen Oberstufe (nur Hiberniaschule)";0;0;"05";"1";
"FW";"5J";"Berufsabschluss und Fachhochschulreife (nur Hiberniaschule)";0;0;"05";"1";
"FW";"H";"Fachhochschulreife (schulischer Teil) (nur Hiberniakolleg)";0;0;"05";"1";
"FW";"5J";"Berufsabschluss und Fachhochschulreife (nur Hiberniaschule)";0;0;"06";"1";
"FW";"5K";"Berufsabschluss und Abitur (allgemeine Hochschulreife) (nur Hiberniakolleg)";0;0;"06";"1";
"SG";"A";"Ohne Abschluss (zehnjährige Vollzeitschulpflicht erfüllt)";null;0;"06";"1";
"SR";"A";"Ohne Abschluss (zehnjährige Vollzeitschulpflicht erfüllt)";null;0;"06";"1";
"FW";"A";"Ohne Abschluss";0;0;"06";"1";
"GE";"A";"Ohne Abschluss (zehnjährige Vollzeitschulpflicht erfüllt)";0;0;"06";"1";
"GM";"A";"Ohne Abschluss (zehnjährige Vollzeitschulpflicht erfüllt)";0;0;"06";"1";
"GY";"A";"Ohne Abschluss (zehnjährige Vollzeitschulpflicht erfüllt)";0;0;"06";"1";
"H";"A";"Ohne Abschluss (zehnjährige Vollzeitschulpflicht erfüllt)";0;0;"06";"1";
"PS";"A";"Ohne Abschluss (zehnjährige Vollzeitschulpflicht erfüllt)";0;0;"06";"1";
"R";"A";"Ohne Abschluss (zehnjährige Vollzeitschulpflicht erfüllt)";0;0;"06";"1";
"S";"A";"Ohne Abschluss (zehnjährige Vollzeitschulpflicht erfüllt)";0;0;"06";"1";
"SK";"A";"Ohne Abschluss (zehnjährige Vollzeitschulpflicht erfüllt)";0;0;"06";"1";
"V";"A";"Ohne Abschluss (zehnjährige Vollzeitschulpflicht erfüllt)";0;0;"06";"1";
"FW";"H";"Fachhochschulreife (schulischer Teil) (nur Hiberniakolleg)";0;0;"06";"1";
"FW";"K";"Abitur (allgemeine Hochschulreife) (ohne Berufsabschluss) (nur Hiberniakolleg)";0;0;"06";"1";
"FW";"M";"Abschlusszeugnis der Förderschule, Förderschwerpunkt geistige Entwicklung";0;0;"06";"1";
"GE";"M";"Abschlusszeugnis der Förderschule, Förderschwerpunkt geistige Entwicklung";0;0;"06";"1";
"GM";"M";"Abschlusszeugnis der Förderschule, Förderschwerpunkt geistige Entwicklung";0;0;"06";"1";
"GY";"M";"Abschlusszeugnis der Förderschule, Förderschwerpunkt geistige Entwicklung";0;0;"06";"1";
"H";"M";"Abschlusszeugnis der Förderschule, Förderschwerpunkt geistige Entwicklung";0;0;"06";"1";
"PS";"M";"Abschlusszeugnis der Förderschule, Förderschwerpunkt geistige Entwicklung";0;0;"06";"1";
"R";"M";"Abschlusszeugnis der Förderschule, Förderschwerpunkt geistige Entwicklung";0;0;"06";"1";
"S";"M";"Abschlusszeugnis der Förderschule, Förderschwerpunkt geistige Entwicklung";0;0;"06";"1";
"SK";"M";"Abschlusszeugnis der Förderschule, Förderschwerpunkt geistige Entwicklung";0;0;"06";"1";
"V";"M";"Abschlusszeugnis der Förderschule, Förderschwerpunkt geistige Entwicklung";0;0;"06";"1";
"S";"A";"Ohne Abschluss (zehnjährige Vollzeitschulpflicht erfüllt)";null;0;"07";"1";
"SG";"A";"Ohne Abschluss (zehnjährige Vollzeitschulpflicht erfüllt)";null;0;"07";"1";
"SR";"A";"Ohne Abschluss (zehnjährige Vollzeitschulpflicht erfüllt)";null;0;"07";"1";
"FW";"A";"Ohne Abschluss";0;0;"07";"1";
"GE";"A";"Ohne Abschluss (zehnjährige Vollzeitschulpflicht erfüllt)";0;0;"07";"1";
"GM";"A";"Ohne Abschluss (zehnjährige Vollzeitschulpflicht erfüllt)";0;0;"07";"1";
"GY";"A";"Ohne Abschluss (zehnjährige Vollzeitschulpflicht erfüllt)";0;0;"07";"1";
"H";"A";"Ohne Abschluss (zehnjährige Vollzeitschulpflicht erfüllt)";0;0;"07";"1";
"PS";"A";"Ohne Abschluss (zehnjährige Vollzeitschulpflicht erfüllt)";0;0;"07";"1";
"R";"A";"Ohne Abschluss (zehnjährige Vollzeitschulpflicht erfüllt)";0;0;"07";"1";
"SK";"A";"Ohne Abschluss (zehnjährige Vollzeitschulpflicht erfüllt)";0;0;"07";"1";
"V";"A";"Ohne Abschluss (zehnjährige Vollzeitschulpflicht erfüllt)";0;0;"07";"1";
"FW";"M";"Abschlusszeugnis der Förderschule, Förderschwerpunkt geistige Entwicklung";0;0;"07";"1";
"GE";"M";"Abschlusszeugnis der Förderschule, Förderschwerpunkt geistige Entwicklung";0;0;"07";"1";
"GM";"M";"Abschlusszeugnis der Förderschule, Förderschwerpunkt geistige Entwicklung";0;0;"07";"1";
"GY";"M";"Abschlusszeugnis der Förderschule, Förderschwerpunkt geistige Entwicklung";0;0;"07";"1";
"H";"M";"Abschlusszeugnis der Förderschule, Förderschwerpunkt geistige Entwicklung";0;0;"07";"1";
"PS";"M";"Abschlusszeugnis der Förderschule, Förderschwerpunkt geistige Entwicklung";0;0;"07";"1";
"R";"M";"Abschlusszeugnis der Förderschule, Förderschwerpunkt geistige Entwicklung";0;0;"07";"1";
"S";"M";"Abschlusszeugnis der Förderschule, Förderschwerpunkt geistige Entwicklung";0;0;"07";"1";
"SK";"M";"Abschlusszeugnis der Förderschule, Förderschwerpunkt geistige Entwicklung";0;0;"07";"1";
"V";"M";"Abschlusszeugnis der Förderschule, Förderschwerpunkt geistige Entwicklung";0;0;"07";"1";
"SG";"A";"Ohne Abschluss (zehnjährige Vollzeitschulpflicht erfüllt)";null;0;"08";"1";
"SR";"A";"Ohne Abschluss (zehnjährige Vollzeitschulpflicht erfüllt)";null;0;"08";"1";
"FW";"A";"Ohne Abschluss";0;0;"08";"1";
"GE";"A";"Ohne Abschluss (zehnjährige Vollzeitschulpflicht erfüllt)";0;0;"08";"1";
"GM";"A";"Ohne Abschluss (zehnjährige Vollzeitschulpflicht erfüllt)";0;0;"08";"1";
"GY";"A";"Ohne Abschluss (zehnjährige Vollzeitschulpflicht erfüllt)";0;0;"08";"1";
"H";"A";"Ohne Abschluss (zehnjährige Vollzeitschulpflicht erfüllt)";0;0;"08";"1";
"PS";"A";"Ohne Abschluss (zehnjährige Vollzeitschulpflicht erfüllt)";0;0;"08";"1";
"R";"A";"Ohne Abschluss (zehnjährige Vollzeitschulpflicht erfüllt)";0;0;"08";"1";
"S";"A";"Ohne Abschluss (zehnjährige Vollzeitschulpflicht erfüllt)";0;0;"08";"1";
"SK";"A";"Ohne Abschluss (zehnjährige Vollzeitschulpflicht erfüllt)";0;0;"08";"1";
"V";"A";"Ohne Abschluss (zehnjährige Vollzeitschulpflicht erfüllt)";0;0;"08";"1";
"FW";"M";"Abschlusszeugnis der Förderschule, Förderschwerpunkt geistige Entwicklung";0;0;"08";"1";
"GE";"M";"Abschlusszeugnis der Förderschule, Förderschwerpunkt geistige Entwicklung";0;0;"08";"1";
"GM";"M";"Abschlusszeugnis der Förderschule, Förderschwerpunkt geistige Entwicklung";0;0;"08";"1";
"GY";"M";"Abschlusszeugnis der Förderschule, Förderschwerpunkt geistige Entwicklung";0;0;"08";"1";
"H";"M";"Abschlusszeugnis der Förderschule, Förderschwerpunkt geistige Entwicklung";0;0;"08";"1";
"PS";"M";"Abschlusszeugnis der Förderschule, Förderschwerpunkt geistige Entwicklung";0;0;"08";"1";
"R";"M";"Abschlusszeugnis der Förderschule, Förderschwerpunkt geistige Entwicklung";0;0;"08";"1";
"S";"M";"Abschlusszeugnis der Förderschule, Förderschwerpunkt geistige Entwicklung";0;0;"08";"1";
"SK";"M";"Abschlusszeugnis der Förderschule, Förderschwerpunkt geistige Entwicklung";0;0;"08";"1";
"V";"M";"Abschlusszeugnis der Förderschule, Förderschwerpunkt geistige Entwicklung";0;0;"08";"1";
"SG";"A";"Ohne Abschluss (zehnjährige Vollzeitschulpflicht erfüllt) (Nur sachgerecht bei Nichtversetzung. Mit Versetzung in den Jg. 10 wird gem. § 40 APO-SI der Hauptschulabschluss erworben)";null;0;"09";"1";
"SR";"A";"Ohne Abschluss (zehnjährige Vollzeitschulpflicht erfüllt) (Nur sachgerecht bei Nichtversetzung. Mit Versetzung in den Jg. 10 wird gem. § 40 APO-SI der Hauptschulabschluss erworben)";null;0;"09";"1";
"FW";"A";"Ohne Abschluss";0;0;"09";"1";
"GE";"A";"Ohne Abschluss (zehnjährige Vollzeitschulpflicht erfüllt) (Nur sachgerecht bei Nichtversetzung. Mit Versetzung in den Jg. 10 wird gem. § 40 APO-SI der Hauptschulabschluss erworben)";0;0;"09";"1";
"GM";"A";"Ohne Abschluss (zehnjährige Vollzeitschulpflicht erfüllt) (Nur sachgerecht bei Nichtversetzung. Mit Versetzung in den Jg. 10 wird gem. § 40 APO-SI der Hauptschulabschluss erworben)";0;0;"09";"1";
"GY";"A";"Ohne Abschluss (zehnjährige Vollzeitschulpflicht erfüllt)";0;0;"09";"1";
"H";"A";"Ohne Abschluss (zehnjährige Vollzeitschulpflicht erfüllt) (Nur sachgerecht bei Nichtversetzung. Mit Versetzung in den Jg. 10 wird gem. § 40 APO-SI der Hauptschulabschluss erworben)";0;0;"09";"1";
"PS";"A";"Ohne Abschluss (zehnjährige Vollzeitschulpflicht erfüllt) (Nur sachgerecht bei Nichtversetzung. Mit Versetzung in den Jg. 10 wird gem. § 40 APO-SI der Hauptschulabschluss erworben)";0;0;"09";"1";
"R";"A";"Ohne Abschluss (zehnjährige Vollzeitschulpflicht erfüllt) (Nur sachgerecht bei Nichtversetzung. Mit Versetzung in den Jg. 10 wird gem. § 40 APO-SI der Hauptschulabschluss erworben)";0;0;"09";"1";
"S";"A";"Ohne Abschluss (zehnjährige Vollzeitschulpflicht erfüllt) (Nur sachgerecht bei Nichtversetzung. Mit Versetzung in den Jg. 10 wird gem. § 40 APO-SI der Hauptschulabschluss erworben)";0;0;"09";"1";
"SK";"A";"Ohne Abschluss (zehnjährige Vollzeitschulpflicht erfüllt) (Nur sachgerecht bei Nichtversetzung. Mit Versetzung in den Jg. 10 wird gem. § 40 APO-SI der Hauptschulabschluss erworben)";0;0;"09";"1";
"V";"A";"Ohne Abschluss (zehnjährige Vollzeitschulpflicht erfüllt) (Nur sachgerecht bei Nichtversetzung. Mit Versetzung in den Jg. 10 wird gem. § 40 APO-SI der Hauptschulabschluss erworben)";0;0;"09";"1";
"S";"B";"Hauptschulabschluss (ohne Berechtigung zum Besuch der Klasse 10, Typ B) (zehnjährige Vollzeitschulpflicht erfüllt)";null;0;"09";"1";
"SG";"B";"Hauptschulabschluss (ohne Berechtigung zum Besuch der Klasse 10, Typ B) (zehnjährige Vollzeitschulpflicht erfüllt)";null;0;"09";"1";
"SR";"B";"Hauptschulabschluss (ohne Berechtigung zum Besuch der Klasse 10, Typ B) (zehnjährige Vollzeitschulpflicht erfüllt)";null;0;"09";"1";
"GE";"B";"Hauptschulabschluss (ohne Berechtigung zum Besuch der Klasse 10, Typ B) (zehnjährige Vollzeitschulpflicht erfüllt)";0;0;"09";"1";
"GM";"B";"Hauptschulabschluss (ohne Berechtigung zum Besuch der Klasse 10, Typ B) (zehnjährige Vollzeitschulpflicht erfüllt)";0;0;"09";"1";
"GY";"B";"Hauptschulabschluss nach Klasse 9 vergleichbarer Abschluss (ohne Berechtigung zum Besuch der Klasse 10 bzw. der gymnasialen Oberstufe; § 40 Abs. 4 S. 3 i.V.m. § 22 Abs. 1 u. § 25 Abs. 1 u. 2 APO-SI)";0;0;"09";"1";
"H";"B";"Hauptschulabschluss (ohne Berechtigung zum Besuch der Klasse 10, Typ B) (zehnjährige Vollzeitschulpflicht erfüllt)";0;0;"09";"1";
"PS";"B";"Hauptschulabschluss (ohne Berechtigung zum Besuch der Klasse 10, Typ B) (zehnjährige Vollzeitschulpflicht erfüllt)";0;0;"09";"1";
"R";"B";"Hauptschulabschluss (ohne Berechtigung zum Besuch der Klasse 10, Typ B) (zehnjährige Vollzeitschulpflicht erfüllt)";0;0;"09";"1";
"SK";"B";"Hauptschulabschluss (ohne Berechtigung zum Besuch der Klasse 10, Typ B) (zehnjährige Vollzeitschulpflicht erfüllt)";0;0;"09";"1";
"V";"B";"Hauptschulabschluss (ohne Berechtigung zum Besuch der Klasse 10, Typ B) (zehnjährige Vollzeitschulpflicht erfüllt)";0;0;"09";"1";
"S";"C";"Hauptschulabschluss (mit Berechtigung zum Besuch der Klasse 10, Typ B) (zehnjährige Vollzeitschulpflicht erfüllt)";null;0;"09";"1";
"SG";"C";"Hauptschulabschluss (mit Berechtigung zum Besuch der Klasse 10, Typ B) (zehnjährige Vollzeitschulpflicht erfüllt)";null;0;"09";"1";
"SR";"C";"Hauptschulabschluss (mit Berechtigung zum Besuch der Klasse 10, Typ B) (zehnjährige Vollzeitschulpflicht erfüllt)";null;0;"09";"1";
"GE";"C";"Hauptschulabschluss (mit Berechtigung zum Besuch der Klasse 10, Typ B) (Nur G9, zehnjährige Vollzeitschulpflicht erfüllt)";0;0;"09";"1";
"GM";"C";"Hauptschulabschluss (mit Berechtigung zum Besuch der Klasse 10, Typ B) (zehnjährige Vollzeitschulpflicht erfüllt)";0;0;"09";"1";
"GY";"C";"Hauptschulabschluss nach Klasse 9 vergleichbarer Abschluss (mit Berechtigung zum Besuch der Klasse 10, Typ B) (nur G9 Bildungsgänge; mit Versetzung)";0;0;"09";"1";
"H";"C";"Hauptschulabschluss (mit Berechtigung zum Besuch der Klasse 10, Typ B) (zehnjährige Vollzeitschulpflicht erfüllt)";0;0;"09";"1";
"PS";"C";"Hauptschulabschluss (mit Berechtigung zum Besuch der Klasse 10, Typ B) (zehnjährige Vollzeitschulpflicht erfüllt)";0;0;"09";"1";
"R";"C";"Hauptschulabschluss (mit Berechtigung zum Besuch der Klasse 10, Typ B) (zehnjährige Vollzeitschulpflicht erfüllt)";0;0;"09";"1";
"SK";"C";"Hauptschulabschluss (mit Berechtigung zum Besuch der Klasse 10, Typ B) (zehnjährige Vollzeitschulpflicht erfüllt)";0;0;"09";"1";
"V";"C";"Hauptschulabschluss (mit Berechtigung zum Besuch der Klasse 10, Typ B) (zehnjährige Vollzeitschulpflicht erfüllt)";0;0;"09";"1";
"FW";"M";"Abschlusszeugnis der Förderschule, Förderschwerpunkt geistige Entwicklung";0;0;"09";"1";
"GE";"M";"Abschlusszeugnis der Förderschule, Förderschwerpunkt geistige Entwicklung";0;0;"09";"1";
"GM";"M";"Abschlusszeugnis der Förderschule, Förderschwerpunkt geistige Entwicklung";0;0;"09";"1";
"GY";"M";"Abschlusszeugnis der Förderschule, Förderschwerpunkt geistige Entwicklung";0;0;"09";"1";
"H";"M";"Abschlusszeugnis der Förderschule, Förderschwerpunkt geistige Entwicklung";0;0;"09";"1";
"PS";"M";"Abschlusszeugnis der Förderschule, Förderschwerpunkt geistige Entwicklung";0;0;"09";"1";
"R";"M";"Abschlusszeugnis der Förderschule, Förderschwerpunkt geistige Entwicklung";0;0;"09";"1";
"S";"M";"Abschlusszeugnis der Förderschule, Förderschwerpunkt geistige Entwicklung";0;0;"09";"1";
"SK";"M";"Abschlusszeugnis der Förderschule, Förderschwerpunkt geistige Entwicklung";0;0;"09";"1";
"V";"M";"Abschlusszeugnis der Förderschule, Förderschwerpunkt geistige Entwicklung";0;0;"09";"1";
"GE";"O";"Hauptschulabschluss nach Klasse 9 (Nur G8, mit Berechtigung zum Besuch der gymnasialen Oberstufe; § 43 Abs. 3 i.V.m. § 40 Abs. 4 S. 2 APO-SI)";0;0;"09";"1";
"GY";"O";"Hauptschulabschluss nach Klasse 9 vergleichbarer Abschluss (mit Berechtigung zum Besuch der gymnasialen Oberstufe; § 43 Abs. 3 i.V.m. § 40 Abs. 4 S. 2 APO-SI) (nur G8 Bildungsgänge)";0;0;"09";"1";
"GE";"V";"Abschlusszeugnis des Bildungsgangs im Förderschwerpunkt Lernen (nur in G8 Bildungsgängen)";0;0;"09";"1";
"GY";"V";"Abschlusszeugnis des Bildungsgangs im Förderschwerpunkt Lernen (nur in G8 Bildungsgängen)";0;0;"09";"1";
"FW";"A";"Ohne Abschluss";0;0;"10";"1";
"GE";"A";"Ohne Abschluss (nur für kürzlich zugewanderte Seiteneinsteiger, die nicht aus JG9 versetzt wurden)";0;0;"10";"1";
"GM";"A";"Ohne Abschluss (nur für kürzlich zugewanderte Seiteneinsteiger, die nicht aus JG9 versetzt wurden)";0;0;"10";"1";
"GY";"A";"Ohne Abschluss (nur für kürzlich zugewanderte Seiteneinsteiger, die nicht aus JG9 versetzt wurden)";0;0;"10";"1";
"H";"A";"Ohne Abschluss (nur für kürzlich zugewanderte Seiteneinsteiger, die nicht aus JG9 versetzt wurden)";0;0;"10";"1";
"PS";"A";"Ohne Abschluss (nur für kürzlich zugewanderte Seiteneinsteiger, die nicht aus JG9 versetzt wurden)";0;0;"10";"1";
"R";"A";"Ohne Abschluss (nur für kürzlich zugewanderte Seiteneinsteiger, die nicht aus JG9 versetzt wurden)";0;0;"10";"1";
"S";"A";"Ohne Abschluss (nur für kürzlich zugewanderte Seiteneinsteiger, die nicht aus JG9 versetzt wurden)";0;0;"10";"1";
"SG";"A";"Ohne Abschluss (nur für kürzlich zugewanderte Seiteneinsteiger, die nicht aus JG9 versetzt wurden)";0;0;"10";"1";
"SK";"A";"Ohne Abschluss (nur für kürzlich zugewanderte Seiteneinsteiger, die nicht aus JG9 versetzt wurden)";0;0;"10";"1";
"SR";"A";"Ohne Abschluss (nur für kürzlich zugewanderte Seiteneinsteiger, die nicht aus JG9 versetzt wurden)";0;0;"10";"1";
"V";"A";"Ohne Abschluss (nur für kürzlich zugewanderte Seiteneinsteiger, die nicht aus JG9 versetzt wurden)";0;0;"10";"1";
"GE";"B";"Hauptschulabschluss (ohne Berechtigung zum Besuch der Klasse 10, Typ B) (ohne weiteren Abschluss im Jahrgang 10)";null;0;"10";"1";
"GY";"B";"Hauptschulabschluss (ohne Berechtigung zum Besuch der Klasse 10, Typ B) (nur G9 Bildungsgänge mit dem Förderschwerpunkt Lernen)";null;0;"10";"1";
"H";"B";"Hauptschulabschluss (ohne Berechtigung zum Besuch der Klasse 10, Typ B)";null;0;"10";"1";
"S";"B";"Hauptschulabschluss (ohne Berechtigung zum Besuch der Klasse 10, Typ B)";null;0;"10";"1";
"V";"B";"Hauptschulabschluss (ohne Berechtigung zum Besuch der Klasse 10, Typ B)";null;0;"10";"1";
"FW";"B";"Hauptschulabschluss";0;0;"10";"1";
"GM";"B";"Hauptschulabschluss (ohne Berechtigung zum Besuch der Klasse 10, Typ B) (ohne weiteren Abschluss im Jahrgang 10)";0;0;"10";"1";
"PS";"B";"Hauptschulabschluss (ohne Berechtigung zum Besuch der Klasse 10, Typ B)";0;0;"10";"1";
"R";"B";"Hauptschulabschluss (ohne Berechtigung zum Besuch der Klasse 10, Typ B)";0;0;"10";"1";
"SK";"B";"Hauptschulabschluss (ohne Berechtigung zum Besuch der Klasse 10, Typ B)";0;0;"10";"1";
"H";"C";"Hauptschulabschluss (mit Berechtigung zum Besuch der Klasse 10, Typ B)";null;0;"10";"1";
"S";"C";"Hauptschulabschluss (mit Berechtigung zum Besuch der Klasse 10, Typ B)";null;0;"10";"1";
"SG";"C";"Hauptschulabschluss (mit Berechtigung zum Besuch der Klasse 10, Typ B)";null;0;"10";"1";
"SR";"C";"Hauptschulabschluss (mit Berechtigung zum Besuch der Klasse 10, Typ B)";null;0;"10";"1";
"V";"C";"Hauptschulabschluss (mit Berechtigung zum Besuch der Klasse 10, Typ B)";null;0;"10";"1";
"GE";"C";"Hauptschulabschluss (mit Berechtigung zum Besuch der Klasse 10, Typ B) (ohne weiteren Abschluss im Jahrgang 10)";0;0;"10";"1";
"GM";"C";"Hauptschulabschluss (mit Berechtigung zum Besuch der Klasse 10, Typ B) (ohne weiteren Abschluss im Jahrgang 10)";0;0;"10";"1";
"GY";"C";"Hauptschulabschluss nach Klasse 9 vergleichbarer Abschluss (mit Berechtigung zum Besuch der Klasse 10, Typ B) (ohne weiteren Abschluss in Klasse 10)";0;0;"10";"1";
"PS";"C";"Hauptschulabschluss (mit Berechtigung zum Besuch der Klasse 10, Typ B) (ohne weiteren Abschluss im Jahrgang 10)";0;0;"10";"1";
"R";"C";"Hauptschulabschluss (mit Berechtigung zum Besuch der Klasse 10, Typ B)";0;0;"10";"1";
"SK";"C";"Hauptschulabschluss (mit Berechtigung zum Besuch der Klasse 10, Typ B)";0;0;"10";"1";
"H";"D";"Hauptschulabschluss nach Klasse 10";null;0;"10";"1";
"S";"D";"Hauptschulabschluss nach Klasse 10";null;0;"10";"1";
"SG";"D";"Hauptschulabschluss nach Klasse 10";null;0;"10";"1";
"SR";"D";"Hauptschulabschluss nach Klasse 10";null;0;"10";"1";
"V";"D";"Hauptschulabschluss nach Klasse 10";null;0;"10";"1";
"GE";"D";"Hauptschulabschluss nach Klasse 10";0;0;"10";"1";
"GM";"D";"Hauptschulabschluss nach Klasse 10";0;0;"10";"1";
"GY";"D";"Hauptschulabschluss nach Klasse 10 (§ 41 Abs. 2 APO-SI)";0;0;"10";"1";
"PS";"D";"Hauptschulabschluss nach Klasse 10";0;0;"10";"1";
"R";"D";"Hauptschulabschluss nach Klasse 10";0;0;"10";"1";
"SK";"D";"Hauptschulabschluss nach Klasse 10";0;0;"10";"1";
"H";"F";"Mittlerer Schulabschluss - Fachoberschulreife ohne Berechtigung zum Besuch der gymnasialen Oberstufe";null;0;"10";"1";
"S";"F";"Mittlerer Schulabschluss - Fachoberschulreife ohne Berechtigung zum Besuch der gymnasialen Oberstufe";null;0;"10";"1";
"SG";"F";"Mittlerer Schulabschluss - Fachoberschulreife ohne Berechtigung zum Besuch der gymnasialen Oberstufe";null;0;"10";"1";
"SR";"F";"Mittlerer Schulabschluss - Fachoberschulreife ohne Berechtigung zum Besuch der gymnasialen Oberstufe";null;0;"10";"1";
"V";"F";"Mittlerer Schulabschluss - Fachoberschulreife ohne Berechtigung zum Besuch der gymnasialen Oberstufe";null;0;"10";"1";
"GE";"F";"Mittlerer Schulabschluss (Fachoberschulreife) ohne Berechtigung zum Besuch der gymnasialen Oberstufe";0;0;"10";"1";
"GM";"F";"Mittlerer Schulabschluss (Fachoberschulreife) ohne Berechtigung zum Besuch der gymnasialen Oberstufe";0;0;"10";"1";
"GY";"F";"Mittlerer Schulabschluss (Fachoberschulreife) (ohne Versetzungsvermerk)";0;0;"10";"1";
"PS";"F";"Mittlerer Schulabschluss (Fachoberschulreife) ohne Berechtigung zum Besuch der gymnasialen Oberstufe";0;0;"10";"1";
"R";"F";"Mittlerer Schulabschluss - Fachoberschulreife ohne Berechtigung zum Besuch der gymnasialen Oberstufe";0;0;"10";"1";
"SK";"F";"Mittlerer Schulabschluss - Fachoberschulreife ohne Berechtigung zum Besuch der gymnasialen Oberstufe";0;0;"10";"1";
"S";"G";"Mittlerer Schulabschluss - Fachoberschulreife mit Berechtigung zum Besuch der gymnasialen Oberstufe";null;0;"10";"1";
"SG";"G";"Mittlerer Schulabschluss - Fachoberschulreife mit Berechtigung zum Besuch der gymnasialen Oberstufe";null;0;"10";"1";
"SR";"G";"Mittlerer Schulabschluss - Fachoberschulreife mit Berechtigung zum Besuch der gymnasialen Oberstufe";null;0;"10";"1";
"V";"G";"Mittlerer Schulabschluss - Fachoberschulreife mit Berechtigung zum Besuch der gymnasialen Oberstufe";null;0;"10";"1";
"GE";"G";"Mittlerer Schulabschluss (Fachoberschulreife) mit Berechtigung zum Besuch der gymnasialen Oberstufe (Einführungsphase)";0;0;"10";"1";
"GM";"G";"Mittlerer Schulabschluss (Fachoberschulreife) mit Berechtigung zum Besuch der gymnasialen Oberstufe (Einführungsphase)";0;0;"10";"1";
"GY";"G";"Mittlerer Schulabschluss (Fachoberschulreife) (mit Versetzungsvermerk)";0;0;"10";"1";
"H";"G";"Mittlerer Schulabschluss - Fachoberschulreife mit Berechtigung zum Besuch der gymnasialen Oberstufe (Einführungsphase)";0;0;"10";"1";
"PS";"G";"Mittlerer Schulabschluss (Fachoberschulreife) mit Berechtigung zum Besuch der gymnasialen Oberstufe (Einführungsphase)";0;0;"10";"1";
"R";"G";"Mittlerer Schulabschluss - Fachoberschulreife mit Berechtigung zum Besuch der gymnasialen Oberstufe (Einführungsphase)";0;0;"10";"1";
"SK";"G";"Mittlerer Schulabschluss - Fachoberschulreife mit Berechtigung zum Besuch der gymnasialen Oberstufe (Einführungsphase)";0;0;"10";"1";
"GE";"I";"Mittlerer Schulabschluss (Fachoberschulreife) mit Berechtigung zum Besuch der Qualifikationsphase 1";0;0;"10";"1";
"GM";"I";"Mittlerer Schulabschluss (Fachoberschulreife) mit Berechtigung zum Besuch der Qualifikationsphase 1";0;0;"10";"1";
"H";"I";"Mittlerer Schulabschluss - Fachoberschulreife mit Berechtigung zum Besuch der Qualifikationsphase 1";0;0;"10";"1";
"PS";"I";"Mittlerer Schulabschluss (Fachoberschulreife) mit Berechtigung zum Besuch der Qualifikationsphase I";0;0;"10";"1";
"R";"I";"Mittlerer Schulabschluss - Fachoberschulreife mit Berechtigung zum Besuch der Qualifikationsphase 1";0;0;"10";"1";
"SK";"I";"Mittlerer Schulabschluss - Fachoberschulreife mit Berechtigung zum Besuch der Qualifikationsphase 1";0;0;"10";"1";
"FW";"M";"Abschlusszeugnis der Förderschule, Förderschwerpunkt geistige Entwicklung";0;0;"10";"1";
"GE";"M";"Abschlusszeugnis der Förderschule, Förderschwerpunkt geistige Entwicklung";0;0;"10";"1";
"GM";"M";"Abschlusszeugnis der Förderschule, Förderschwerpunkt geistige Entwicklung";0;0;"10";"1";
"GY";"M";"Abschlusszeugnis der Förderschule, Förderschwerpunkt geistige Entwicklung";0;0;"10";"1";
"H";"M";"Abschlusszeugnis der Förderschule, Förderschwerpunkt geistige Entwicklung";0;0;"10";"1";
"PS";"M";"Abschlusszeugnis der Förderschule, Förderschwerpunkt geistige Entwicklung";0;0;"10";"1";
"R";"M";"Abschlusszeugnis der Förderschule, Förderschwerpunkt geistige Entwicklung";0;0;"10";"1";
"S";"M";"Abschlusszeugnis der Förderschule, Förderschwerpunkt geistige Entwicklung";0;0;"10";"1";
"SK";"M";"Abschlusszeugnis der Förderschule, Förderschwerpunkt geistige Entwicklung";0;0;"10";"1";
"V";"M";"Abschlusszeugnis der Förderschule, Förderschwerpunkt geistige Entwicklung";0;0;"10";"1";
"GY";"V";"Abschlusszeugnis des Bildungsgangs im Förderschwerpunkt Lernen";null;0;"10";"1";
"H";"V";"Abschlusszeugnis des Bildungsgangs im Förderschwerpunkt Lernen";null;0;"10";"1";
"R";"V";"Abschlusszeugnis des Bildungsgangs im Förderschwerpunkt Lernen";null;0;"10";"1";
"S";"V";"Abschlusszeugnis des Bildungsgangs im Förderschwerpunkt Lernen";null;0;"10";"1";
"V";"V";"Abschlusszeugnis des Bildungsgangs im Förderschwerpunkt Lernen";null;0;"10";"1";
"FW";"V";"Abschlusszeugnis des Bildungsganges im Förderschwerpunkt Lernen";0;0;"10";"1";
"GE";"V";"Abschlusszeugnis des Bildungsgangs im Förderschwerpunkt Lernen";0;0;"10";"1";
"GM";"V";"Abschlusszeugnis des Bildungsgangs im Förderschwerpunkt Lernen";0;0;"10";"1";
"PS";"V";"Abschlusszeugnis des Bildungsgangs im Förderschwerpunkt Lernen";0;0;"10";"1";
"SK";"V";"Abschlusszeugnis des Bildungsgangs im Förderschwerpunkt Lernen";0;0;"10";"1";
"FW";"A";"Ohne Abschluss";0;0;"11";"1";
"FW";"B";"Hauptschulabschluss";0;0;"11";"1";
"FW";"D";"Hauptschulabschluss nach Klasse 10";0;0;"11";"1";
"FW";"F";"Mittlerer Schulabschluss - Fachoberschulreife ohne Berechtigung zum Besuch der gymnasialen Oberstufe";0;0;"11";"1";
"FW";"G";"Mittlerer Schulabschluss - Fachoberschulreife mit Berechtigung zum Besuch der gymnasialen Oberstufe";0;0;"11";"1";
"FW";"M";"Abschlusszeugnis der Förderschule, Förderschwerpunkt geistige Entwicklung";0;0;"11";"1";
"FW";"V";"Abschlusszeugnis des Bildungsganges im Förderschwerpunkt Lernen";0;0;"11";"1";
"FW";"5A";"Nur Berufsabschluss (nur Hiberniaschule)";0;0;"12";"1";
"FW";"5D";"Berufsabschluss und Hauptschulabschluss nach Klasse 10";0;0;"12";"1";
"FW";"5F";"Berufsabschluss und Mittlerer Schulabschluss - Fachoberschulreife ohne Berechtigung zum Besuch der gymnasialen Oberstufe (nur Hiberniaschule)";0;0;"12";"1";
"FW";"5G";"Berufsabschluss und Mittlerer Schulabschluss - Fachoberschulreife mit Berechtigung zum Besuch der gymnasialen Oberstufe (nur Hiberniaschule)";0;0;"12";"1";
"FW";"A";"Ohne Abschluss";0;0;"12";"1";
"FW";"B";"Hauptschulabschluss";0;0;"12";"1";
"FW";"D";"Hauptschulabschluss nach Klasse 10";0;0;"12";"1";
"FW";"F";"Mittlerer Schulabschluss - Fachoberschulreife ohne Berechtigung zum Besuch der gymnasialen Oberstufe";0;0;"12";"1";
"FW";"G";"Mittlerer Schulabschluss - Fachoberschulreife mit Berechtigung zum Besuch der gymnasialen Oberstufe";0;0;"12";"1";
"FW";"V";"Abschlusszeugnis des Bildungsganges im Förderschwerpunkt Lernen";0;0;"12";"1";
"FW";"W";"Zeugnis der Waldorfschule";0;0;"12";"1";
"FW";"A";"Ohne Abschluss";0;0;"13";"1";
"FW";"D";"Hauptschulabschluss nach Klasse 10";0;0;"13";"1";
"FW";"F";"Mittlerer Schulabschluss - Fachoberschulreife ohne Berechtigung zum Besuch der gymnasialen Oberstufe";0;0;"13";"1";
"FW";"G";"Mittlerer Schulabschluss - Fachoberschulreife mit Berechtigung zum Besuch der gymnasialen Oberstufe";0;0;"13";"1";
"FW";"H";"Fachhochschulreife (schulischer Teil) (ohne Abitur)";0;0;"13";"1";
"FW";"K";"Abitur (allgemeine Hochschulreife)";0;0;"13";"1";
"FW";"W";"Zeugnis der Waldorfschule";0;0;"13";"1";
"GM";"A";"Ohne Abschluss (nur für kürzlich zugewanderte Seiteneinsteiger, die nicht aus JG9 versetzt wurden)";0;0;"1A";"1";
"H";"A";"Ohne Abschluss (nur für kürzlich zugewanderte Seiteneinsteiger, die nicht aus JG9 vesetzt wurden)";0;0;"1A";"1";
"R";"A";"Ohne Abschluss (nur für kürzlich zugewanderte Seiteneinsteiger, die nicht aus JG9 versetzt wurden)";0;0;"1A";"1";
"SK";"A";"Ohne Abschluss (nur für kürzlich zugewanderte Seiteneinsteiger, die nicht aus JG9 versetzt wurden)";0;0;"1A";"1";
"V";"A";"Ohne Abschluss (nur für kürzlich zugewanderte Seiteneinsteiger, die nicht aus JG9 versetzt wurden)";0;0;"1A";"1";
"V";"B";"Hauptschulabschluss (ohne Berechtigung zum Besuch der Klasse 10, Typ B)";null;0;"1A";"1";
"GM";"B";"Hauptschulabschluss (ohne Berechtigung zum Besuch der Klasse 10, Typ B) (ohne weiteren Abschluss im Jahrgang 10)";0;0;"1A";"1";
"H";"B";"Hauptschulabschluss (ohne Berechtigung zum Besuch der Klasse 10, Typ B)";0;0;"1A";"1";
"R";"B";"Hauptschulabschluss (ohne Berechtigung zum Besuch der Klasse 10, Typ B)";0;0;"1A";"1";
"SK";"B";"Hauptschulabschluss (ohne Berechtigung zum Besuch der Klasse 10, Typ B)";0;0;"1A";"1";
"V";"D";"Hauptschulabschluss nach Klasse 10";null;0;"1A";"1";
"GM";"D";"Hauptschulabschluss nach Klasse 10";0;0;"1A";"1";
"H";"D";"Hauptschulabschluss nach Klasse 10";0;0;"1A";"1";
"R";"D";"Hauptschulabschluss nach Klasse 10";0;0;"1A";"1";
"SK";"D";"Hauptschulabschluss nach Klasse 10";0;0;"1A";"1";
"GM";"M";"Abschlusszeugnis der Förderschule, Förderschwerpunkt geistige Entwicklung";0;0;"1A";"1";
"H";"M";"Abschlusszeugnis der Förderschule, Förderschwerpunkt geistige Entwicklung";0;0;"1A";"1";
"R";"M";"Abschlusszeugnis der Förderschule, Förderschwerpunkt geistige Entwicklung";0;0;"1A";"1";
"SK";"M";"Abschlusszeugnis der Förderschule, Förderschwerpunkt geistige Entwicklung";0;0;"1A";"1";
"V";"M";"Abschlusszeugnis der Förderschule, Förderschwerpunkt geistige Entwicklung";0;0;"1A";"1";
"GM";"V";"Abschlusszeugnis des Bildungsgangs im Förderschwerpunkt Lernen";0;0;"1A";"1";
"H";"V";"Abschlusszeugnis des Bildungsgangs im Förderschwerpunkt Lernen";0;0;"1A";"1";
"R";"V";"Abschlusszeugnis des Bildungsgangs im Förderschwerpunkt Lernen";0;0;"1A";"1";
"SK";"V";"Abschlusszeugnis des Bildungsgangs im Förderschwerpunkt Lernen";0;0;"1A";"1";
"V";"V";"Abschlusszeugnis des Bildungsgangs im Förderschwerpunkt Lernen";0;0;"1A";"1";
"GM";"A";"Ohne Abschluss (nur für kürzlich zugewanderte Seiteneinsteiger, die nicht aus JG9 versetzt wurden)";0;0;"1B";"1";
"H";"A";"Ohne Abschluss (nur für kürzlich zugewanderte Seiteneinsteiger, die nicht aus JG9 vesetzt wurden)";0;0;"1B";"1";
"R";"A";"Ohne Abschluss (nur für kürzlich zugewanderte Seiteneinsteiger, die nicht aus JG9 versetzt wurden)";0;0;"1B";"1";
"SK";"A";"Ohne Abschluss (nur für kürzlich zugewanderte Seiteneinsteiger, die nicht aus JG9 versetzt wurden)";0;0;"1B";"1";
"V";"A";"Ohne Abschluss (nur für kürzlich zugewanderte Seiteneinsteiger, die nicht aus JG9 versetzt wurden)";0;0;"1B";"1";
"GM";"B";"Hauptschulabschluss (ohne Berechtigung zum Besuch der Klasse 10, Typ B) (ohne weiteren Abschluss im Jahrgang 10)";0;0;"1B";"1";
"H";"B";"Hauptschulabschluss (ohne Berechtigung zum Besuch der Klasse 10, Typ B)";0;0;"1B";"1";
"R";"B";"Hauptschulabschluss (ohne Berechtigung zum Besuch der Klasse 10, Typ B)";0;0;"1B";"1";
"SK";"B";"Hauptschulabschluss (ohne Berechtigung zum Besuch der Klasse 10, Typ B)";0;0;"1B";"1";
"V";"B";"Hauptschulabschluss (ohne Berechtigung zum Besuch der Klasse 10, Typ B)";0;0;"1B";"1";
"V";"C";"Hauptschulabschluss (mit Berechtigung zum Besuch der Klasse 10, Typ B) (ohne weiteren Abschluss im Jahrgang 10)";null;0;"1B";"1";
"GM";"C";"Hauptschulabschluss (mit Berechtigung zum Besuch der Klasse 10, Typ B) (ohne weiteren Abschluss im Jahrgang 10)";0;0;"1B";"1";
"H";"C";"Hauptschulabschluss (mit Berechtigung zum Besuch der Klasse 10, Typ B) (ohne weiteren Abschluss im Jahrgang 10)";0;0;"1B";"1";
"R";"C";"Hauptschulabschluss (mit Berechtigung zum Besuch der Klasse 10, Typ B) (ohne weiteren Abschluss im Jahrgang 10)";0;0;"1B";"1";
"SK";"C";"Hauptschulabschluss (mit Berechtigung zum Besuch der Klasse 10, Typ B) (ohne weiteren Abschluss im Jahrgang 10)";0;0;"1B";"1";
"V";"D";"Hauptschulabschluss nach Klasse 10";null;0;"1B";"1";
"GM";"D";"Hauptschulabschluss nach Klasse 10";0;0;"1B";"1";
"H";"D";"Hauptschulabschluss nach Klasse 10";0;0;"1B";"1";
"R";"D";"Hauptschulabschluss nach Klasse 10";0;0;"1B";"1";
"SK";"D";"Hauptschulabschluss nach Klasse 10";0;0;"1B";"1";
"V";"F";"Mittlerer Schulabschluss - Fachoberschulreife ohne Berechtigung zum Besuch der gymnasialen Oberstufe";null;0;"1B";"1";
"GM";"F";"Mittlerer Schulabschluss - Fachoberschulreife ohne Berechtigung zum Besuch der gymnasialen Oberstufe";0;0;"1B";"1";
"H";"F";"Mittlerer Schulabschluss - Fachoberschulreife ohne Berechtigung zum Besuch der gymnasialen Oberstufe";0;0;"1B";"1";
"R";"F";"Mittlerer Schulabschluss - Fachoberschulreife ohne Berechtigung zum Besuch der gymnasialen Oberstufe";0;0;"1B";"1";
"SK";"F";"Mittlerer Schulabschluss - Fachoberschulreife ohne Berechtigung zum Besuch der gymnasialen Oberstufe";0;0;"1B";"1";
"V";"G";"Mittlerer Schulabschluss - Fachoberschulreife mit Berechtigung zum Besuch der gymnasialen Oberstufe";null;0;"1B";"1";
"GM";"G";"Mittlerer Schulabschluss - Fachoberschulreife mit Berechtigung zum Besuch der gymnasialen Oberstufe";0;0;"1B";"1";
"H";"G";"Mittlerer Schulabschluss - Fachoberschulreife mit Berechtigung zum Besuch der gymnasialen Oberstufe";0;0;"1B";"1";
"R";"G";"Mittlerer Schulabschluss - Fachoberschulreife mit Berechtigung zum Besuch der gymnasialen Oberstufe";0;0;"1B";"1";
"SK";"G";"Mittlerer Schulabschluss - Fachoberschulreife mit Berechtigung zum Besuch der gymnasialen Oberstufe";0;0;"1B";"1";
"GM";"M";"Abschlusszeugnis der Förderschule, Förderschwerpunkt geistige Entwicklung";0;0;"1B";"1";
"H";"M";"Abschlusszeugnis der Förderschule, Förderschwerpunkt geistige Entwicklung";0;0;"1B";"1";
"R";"M";"Abschlusszeugnis der Förderschule, Förderschwerpunkt geistige Entwicklung";0;0;"1B";"1";
"SK";"M";"Abschlusszeugnis der Förderschule, Förderschwerpunkt geistige Entwicklung";0;0;"1B";"1";
"V";"M";"Abschlusszeugnis der Förderschule, Förderschwerpunkt geistige Entwicklung";0;0;"1B";"1";
"GM";"V";"Abschlusszeugnis des Bildungsgangs im Förderschwerpunkt Lernen";0;0;"1B";"1";
"H";"V";"Abschlusszeugnis des Bildungsgangs im Förderschwerpunkt Lernen";0;0;"1B";"1";
"R";"V";"Abschlusszeugnis des Bildungsgangs im Förderschwerpunkt Lernen";0;0;"1B";"1";
"SK";"V";"Abschlusszeugnis des Bildungsgangs im Förderschwerpunkt Lernen";0;0;"1B";"1";
"V";"V";"Abschlusszeugnis des Bildungsgangs im Förderschwerpunkt Lernen";0;0;"1B";"1";
"S";"A";"Ohne Abschluss";null;0;"71";"1";
"FW";"A";"Ohne Abschluss";0;0;"71";"1";
"S";"B";"Hauptschulabschluss (ohne Berechtigung zum Besuch der Klasse 10, Typ B)";null;0;"71";"1";
"FW";"B";"Hauptschulabschluss";0;0;"71";"1";
"S";"C";"Hauptschulabschluss (mit Berechtigung zum Besuch der Klasse 10, Typ B)";null;0;"71";"1";
"S";"D";"Hauptschulabschluss nach Klasse 10";null;0;"71";"1";
"FW";"D";"Hauptschulabschluss nach Klasse 10";0;0;"71";"1";
"S";"F";"Mittlerer Schulabschluss - Fachoberschulreife ohne Berechtigung zum Besuch der gymnasialen Oberstufe";null;0;"71";"1";
"FW";"F";"Mittlerer Schulabschluss - Fachoberschulreife ohne Berechtigung zum Besuch der gymnasialen Oberstufe";0;0;"71";"1";
"S";"G";"Mittlerer Schulabschluss - Fachoberschulreife mit Berechtigung zum Besuch der gymnasialen Oberstufe";null;0;"71";"1";
"FW";"G";"Mittlerer Schulabschluss - Fachoberschulreife mit Berechtigung zum Besuch der gymnasialen Oberstufe";0;0;"71";"1";
"FW";"H";"Fachhochschulreife (schulischer Teil) (ohne Abitur)";0;0;"71";"1";
"FW";"K";"Abitur (allgemeine Hochschulreife)";0;0;"71";"1";
"S";"M";"Abschlusszeugnis der Förderschule, Förderschwerpunkt geistige Entwicklung";null;0;"71";"1";
"S";"V";"Abschlusszeugnis des Bildungsgangs im Förderschwerpunkt Lernen";null;0;"71";"1";
"FW";"W";"Zeugnis der Waldorfschule";0;0;"71";"1";
"S";"M";"Abschlusszeugnis der Förderschule, Förderschwerpunkt geistige Entwicklung";null;0;"85";"1";
"FW";"M";"Abschlusszeugnis der Förderschule, Förderschwerpunkt geistige Entwicklung";0;0;"85";"1";
"S";"M";"Abschlusszeugnis der Förderschule, Förderschwerpunkt geistige Entwicklung";null;0;"86";"1";
"FW";"M";"Abschlusszeugnis der Förderschule, Förderschwerpunkt geistige Entwicklung";0;0;"86";"1";
"GE";"B";"Hauptschulabschluss (ohne Berechtigung zum Besuch der Klasse 10, Typ B) (nur G8 Bildungsgänge mit Förderschwerpunkt Lernen)";0;0;"EF";"1";
"GY";"B";"Hauptschulabschluss (ohne Berechtigung zum Besuch der Klasse 10, Typ B) (nur G8 Bildungsgänge mit dem Förderschwerpunkt Lernen)";0;0;"EF";"1";
"SG";"G";"Mittlerer Schulabschluss - Fachoberschulreife mit Berechtigung zum Besuch der gymnasialen Oberstufe (ohne Versetzungsvermerk)";null;0;"EF";"1";
"GE";"G";"Mittlerer Schulabschluss (Fachoberschulreife) (mit Berechtigung zum Besuch der gymnasialen Oberstufe bzw. ohne Versetzungsvermerk; § 40 Abs. 2 APO-GOSt)";0;0;"EF";"1";
"GM";"G";"Mittlerer Schulabschluss (Fachoberschulreife) (mit Berechtigung zum Besuch der gymnasialen Oberstufe bzw. ohne Versetzungsvermerk; § 40 Abs. 2 APO-GOSt)";0;0;"EF";"1";
"GY";"G";"Mittlerer Schulabschluss (Fachoberschulreife) (mit Berechtigung zum Besuch der gymnasialen Oberstufe bzw. ohne Versetzungsvermerk; § 40 Abs. 2 APO-GOSt)";0;0;"EF";"1";
"SG";"I";"Mittlerer Schulabschluss - Fachoberschulreife mit Berechtigung zum Besuch der Qualifikationsphase 1 (mit Versetzungsvermerk)";null;0;"EF";"1";
"GE";"I";"Mittlerer Schulabschluss (Fachoberschulreife) (mit Berechtigung zum Besuch der Qualifikationsphase I bzw. mit Versetzungsvermerk; § 40 Abs. 2 APO-GOSt)";0;0;"EF";"1";
"GM";"I";"Mittlerer Schulabschluss (Fachoberschulreife) (mit Berechtigung zum Besuch der Qualifikationsphase I bzw. mit Versetzungsvermerk; § 40 Abs. 2 APO-GOSt)";0;0;"EF";"1";
"GY";"I";"Mittlerer Schulabschluss (Fachoberschulreife) (mit Berechtigung zum Besuch der Qualifikationsphase I bzw. mit Versetzungsvermerk; § 40 Abs. 2 APO-GOSt)";0;0;"EF";"1";
"GE";"M";"Abschlusszeugnis der Förderschule, Förderschwerpunkt geistige Entwicklung";0;0;"EF";"1";
"GE";"M";"Abschlusszeugnis der Förderschule, Förderschwerpunkt geistige Entwicklung";0;0;"EF";"1";
"GY";"M";"Abschlusszeugnis der Förderschule, Förderschwerpunkt geistige Entwicklung";0;0;"EF";"1";
"GE";"O";"Hauptschulabschluss nach Klasse 9 (mit Berechtigung zum Besuch der gymnasialen Oberstufe; § 43 Abs. 3 i.V.m. § 40 Abs. 4 S. 2 APO-SI) (ohne weiteren Abschluss in EF)";0;0;"EF";"1";
"GM";"O";"Hauptschulabschluss nach Klasse 9 (mit Berechtigung zum Besuch der gymnasialen Oberstufe; § 43 Abs. 3 i.V.m. § 40 Abs. 4 S. 2 APO-SI) (ohne weiteren Abschluss in EF)";0;0;"EF";"1";
"GY";"O";"Hauptschulabschluss nach Klasse 9 (mit Berechtigung zum Besuch der gymnasialen Oberstufe; § 43 Abs. 3 i.V.m. § 40 Abs. 4 S. 2 APO-SI) (ohne weiteren Abschluss im Jahrgang EF)";0;0;"EF";"1";
"SG";"O";"Hauptschulabschluss nach Klasse 9 (mit Berechtigung zum Besuch der gymnasialen Oberstufe; § 43 Abs. 3 i.V.m. § 40 Abs. 4 S. 2 APO-SI) (ohne weiteren Abschluss im Jahrgang EF)";0;0;"EF";"1";
"GE";"U";"Hauptschulabschluss nach Klasse 10 (mit Berechtigung zum Besuch der gymnasialen Oberstufe; § 41 Abs. 2 APO-SI i.V.m. § 40 Abs. 2 APO-GOSt)";0;0;"EF";"1";
"GM";"U";"Hauptschulabschluss nach Klasse 10 (mit Berechtigung zum Besuch der gymnasialen Oberstufe; § 41 Abs. 2 APO-SI i.V.m. § 40 Abs. 2 APO-GOSt)";0;0;"EF";"1";
"GY";"U";"Hauptschulabschluss nach Klasse 10 (mit Berechtigung zum Besuch der gymnasialen Oberstufe; § 41 Abs. 2 APO-SI i.V.m. § 40 Abs. 2 APO-GOSt)";0;0;"EF";"1";
"SG";"U";"Hauptschulabschluss nach Klasse 10 (mit Berechtigung zum Besuch der gymnasialen Oberstufe; § 41 Abs. 2 APO-SI i.V.m. § 40 Abs. 2 APO-GOSt)";0;0;"EF";"1";
"GE";"V";"Abschlusszeugnis des Bildungsgangs im Förderschwerpunkt Lernen (nur in G8 Bildungsgängen)";0;0;"EF";"1";
"GY";"V";"Abschlusszeugnis des Bildungsgangs im Förderschwerpunkt Lernen (nur in G8 Bildungsgängen)";0;0;"EF";"1";
"SG";"H";"Fachhochschulreife (schulischer Teil)";null;0;"Q1";"1";
"GE";"H";"Fachhochschulreife (schulischer Teil) (§ 40a APO-GOSt)";0;0;"Q1";"1";
"GM";"H";"Fachhochschulreife (schulischer Teil) (§ 40a APO-GOSt)";0;0;"Q1";"1";
"GY";"H";"Fachhochschulreife (schulischer Teil) (§ 40a APO-GOSt)";0;0;"Q1";"1";
"SG";"I";"Mittlerer Schulabschluss - Fachoberschulreife mit Berechtigung zum Besuch der Qualifikationsphase 1 (ohne Fachhochschulreife)";null;0;"Q1";"1";
"GE";"I";"Mittlerer Schulabschluss (Fachoberschulreife) (mit Berechtigung zum Besuch der Qualifikationsphase I bzw. Zuerkennung bei Abwesenheit in EF, z.B. bei Auslandsjahr)";0;0;"Q1";"1";
"GM";"I";"Mittlerer Schulabschluss (Fachoberschulreife) (mit Berechtigung zum Besuch der Qualifikationsphase I bzw. Zuerkennung bei Abwesenheit in EF,z.B. bei Auslandsjahr)";0;0;"Q1";"1";
"GY";"I";"Mittlerer Schulabschluss (Fachoberschulreife) (mit Berechtigung zum Besuch der Qualifikationsphase I bzw. Zuerkennung bei Abwesenheit in EF, z.B. bei Auslandsjahr)";0;0;"Q1";"1";
"SG";"H";"Fachhochschulreife (schulischer Teil) (ohne Abitur)";null;0;"Q2";"1";
"GE";"H";"Fachhochschulreife (schulischer Teil)";0;0;"Q2";"1";
"GM";"H";"Fachhochschulreife (schulischer Teil)";0;0;"Q2";"1";
"GY";"H";"Fachhochschulreife (schulischer Teil)";0;0;"Q2";"1";
"SG";"I";"Mittlerer Schulabschluss - Fachoberschulreife mit Berechtigung zum Besuch der Qualifikationsphase 1 (ohne Abitur und ohne Fachhochschulreife)";null;0;"Q2";"1";
"GE";"I";"Mittlerer Schulabschluss (Fachoberschulreife)";0;0;"Q2";"1";
"GM";"I";"Mittlerer Schulabschluss (Fachoberschulreife)";0;0;"Q2";"1";
"GY";"I";"Mittlerer Schulabschluss (Fachoberschulreife)";0;0;"Q2";"1";
"SG";"K";"Abitur (allgemeine Hochschulreife)";null;0;"Q2";"1";
"GE";"K";"Abitur (allgemeine Hochschulreife)";0;0;"Q2";"1";
"GM";"K";"Abitur (allgemeine Hochschulreife)";0;0;"Q2";"1";
"GY";"K";"Abitur (allgemeine Hochschulreife)";0;0;"Q2";"1";
"GY";"M";"Abschlusszeugnis der Förderschule, Förderschwerpunkt geistige Entwicklung";0;0;"Q2";"1";
